id,libm,libf,liste,natlib,priv_cad,priv_tec,priv_am,priv_emp,priv_oq,priv_onq,priv_nr,pub_catA,pub_catB,pub_catC,pub_nr,inde_0_9,inde_10_49,inde>49,inde_nr,aid_fam,ssvaran,sgnm,sgnf,dered,deredeur,datecrea,valid,Présence d'erreur.s,doublib,doubsgn,modpub,modpriv,effearpu,effearpri
1,Artisan électricien,Artisan électricien,0,I>S/Priv>Pub,47B2,47B2,48B1,62A3,62A3,67A1,62A3,47B2,47B2,62A3,62A3,21B5,23B1,23A1,21B5,21B5,21B5,ARTISANELECTRICIEN,ARTISANELECTRICIEN,20/05/19 15:58,Olivier,10/09/18 11:44,olivier,Présence d'erreur.s,0,0,i,emp,.,328
2,Artisan menuisier,Artisan menuisier,0,I>S/Priv>Pub,?,?,?,0,?,?,0,?,?,?,0,?,?,23A1,?,?,?,ARTISANMENUISIER,ARTISANMENUISIER,22/08/18 16:17,olivier,10/09/18 11:55,olivier,Présence d'erreur.s,0,0,,,,
3,Artisan peintre,Artisan peintre,0,I>S/Priv>Pub,47B2,47B2,48B1,63B6,63B6,68A2,63B6,47B2,47B2,63B6,63B6,21B6,23B1,23A1,21B6,21B6,21B6,ARTISANPEINTRE,ARTISANPEINTRE,20/05/19 15:58,Olivier,10/09/18 12:07,olivier,Présence d'erreur.s,0,0,i,emp,.,122
4,Électricien,Électricienne,0,S>I/Priv>Pub,?,?,?,0,?,?,0,?,?,?,0,?,?,23A1,?,?,oq,ELECTRICIEN,ELECTRICIENNE,23/08/18 16:27,olivier,10/09/18 12:29,olivier,Présence d'erreur.s,0,0,,,,
5,Électromécanicien,Électromécanicienne,0,S>I/Priv>Pub,?,?,?,0,?,?,0,?,?,?,0,?,?,23A1,?,?,oq,ELECTROMECANICIEN,ELECTROMECANICIENNE,23/08/18 15:54,olivier,10/09/18 12:29,olivier,Présence d'erreur.s,0,0,,,,
6,Menuisier,Menuisière,0,S>I/Priv>Pub,?,?,?,0,?,?,0,?,?,?,0,?,?,23A1,?,?,oq,MENUISIER,MENUISIERE,23/08/18 15:55,olivier,10/09/18 14:59,olivier,Présence d'erreur.s,0,0,,,,
7,Peintre,Peintre,0,S>I/Priv>Pub,?,?,?,0,?,?,0,?,?,?,0,?,?,23A1,?,?,oq,PEINTRE,PEINTRE,22/08/18 16:17,olivier,10/09/18 15:11,olivier,Présence d'erreur.s,0,0,,,,
8,Artisan maçon,Artisan maçon,1,I>S/Priv>Pub,47B2,47B2,48B1,cad,63B1,68A1,cad,47B2,47B2,?,?,21B1,23B1,23A1,21B1,21B1,21B1,ARTISANMACON,ARTISANMACON,11/09/18 15:35,olivier,10/09/18 15:22,olivier,Présence d'erreur.s,0,0,i,cad,.,19
9,Chef d’entreprise de maçonnerie,Cheffe d’entreprise de maçonnerie,1,UI,21B1,21B1,21B1,21B1,21B1,21B1,21B1,21B1,21B1,21B1,21B1,21B1,23B1,23A1,21B1,21B1,21B1,CHEFDENTREPRISEMACONNERIE,CHEFFEDENTREPRISEMACONNERIE,11/09/18 15:35,olivier,10/09/18 15:42,olivier,Présence d'erreur.s,0,0,,,,
10,Cheministe,Cheministe,1,S>I/Priv>Pub,47B2,47B2,48B1,68A1,63B1,68A1,68A1,47B2,47B2,68A1,68A1,21B1,23B1,23A1,21B1,21B1,68A1,CHEMINISTE,CHEMINISTE,11/09/18 15:35,olivier,10/09/18 15:50,olivier,Présence d'erreur.s,0,0,i,cad,.,11
11,Enduiseur,Enduiseur,1,S>I/Priv>Pub,47B2,47B2,48B1,63B1,63B1,68A1,63B1,47B2,47B2,63B1,63B1,21B1,23B1,23A1,21B1,21B1,63B1,ENDUISEUR,ENDUISEUR,11/09/18 15:35,olivier,10/09/18 15:50,olivier,Présence d'erreur.s,0,0,,,,
12,Entrepreneur en maçonnerie,Entrepreneur en maçonnerie,1,UI,21B1,21B1,21B1,21B1,21B1,21B1,21B1,21B1,21B1,21B1,21B1,21B1,23B1,23A1,21B1,21B1,21B1,ENTREPRENEURMACONNERIE,ENTREPRENEURMACONNERIE,22/08/18 16:17,olivier,10/09/18 16:12,olivier,Validée,0,0,catA,emp,54,35
13,Étancheur,Étancheur,1,S>I/Priv>Pub,47B2,47B2,48B1,63B1,63B1,68A1,63B1,47B2,47B2,63B1,63B1,21B1,23B1,23A1,21B1,21B1,63B1,ETANCHEUR,ETANCHEUR,22/08/18 16:17,olivier,25/09/18 13:49,olivier,Validée,0,0,,,,
14,Façadier-crépisseur,Façadier-crépisseur,1,S>I/Priv>Pub,47B2,47B2,48B1,63B6,63B6,68A2,63B6,47B2,47B2,63B6,63B6,21B6,23B1,23A1,21B6,21B6,63B6,FACADIERCREPISSEUR,FACADIERCREPISSEUR,11/09/18 15:35,olivier,25/09/18 13:49,olivier,Validée,0,0,,,,
15,Façadier-enduiseur,Façadier-enduiseur,1,S>I/Priv>Pub,47B2,47B2,48B1,63B6,63B6,68A2,63B6,47B2,47B2,63B6,63B6,21B6,23B1,23A1,21B6,21B6,63B6,FACADIERENDUISEUR,FACADIERENDUISEUR,11/09/18 15:35,olivier,25/09/18 13:49,olivier,Présence d'erreur.s,0,0,,,,
16,Fumiste,Fumiste,1,S>I/Priv>Pub,47B2,47B2,48B1,68A1,63B1,68A1,68A1,47B2,47B2,68A1,68A1,21B1,23B1,23A1,21B1,21B1,68A1,FUMISTE,FUMISTE,22/08/18 16:18,olivier,25/09/18 13:49,olivier,Présence d'erreur.s,0,0,,,,
17,Maçon,Maçonne,1,S>I/Priv>Pub,47B2,47B2,48B1,68A1,63B1,68A1,68A1,47B2,47B2,68A1,68A1,21B1,23B1,23A1,21B1,21B1,68A1,MACON,MACON,22/08/18 16:27,olivier,25/09/18 13:49,olivier,Présence d'erreur.s,0,0,,,,
18,Maçon carreleur,Maçonne carreleur,1,S>I/Priv>Pub,47B2,47B2,48B1,0,63B1,68A1,0,47B2,47B2,i,i,21B1,23B1,23A1,21B1,21B1,i,MACONCARRELEUR,MACONNECARRELEUR,11/09/18 15:35,olivier,,olivier,Présence d'erreur.s,0,0,,,,
19,Piscinier,Piscinier,1,S>I/Priv>Pub,47B2,47B2,48B1,63B1,63B1,68A1,63B1,47B2,47B2,63B1,63B1,21B1,23B1,23A1,21B1,21B1,63B1,PISCINIER,PISCINIER,22/08/18 16:45,olivier,25/09/18 13:49,olivier,Présence d'erreur.s,0,0,catA,emp,17,16
20,Pisciniste,Pisciniste,1,S>I/Priv>Pub,47B2,47B2,48B1,63B1,63B1,68A1,63B1,47B2,47B2,63B1,63B1,21B1,23B1,23A1,21B1,21B1,63B1,PISCINISTE,PISCINISTE,22/08/18 16:18,olivier,10/09/18 16:21,olivier,Présence d'erreur.s,0,0,catA,cad,32,19
21,Artisan charpentier,Artisan charpentier,1,I>S/Priv>Pub,47B2,47B2,48B1,63B2,63B2,68A1,63B2,47B2,47B2,63B2,63B2,21B2,23B1,23A1,21B2,21B2,21B2,ARTISANCHARPENTIER,ARTISANCHARPENTIER,11/09/18 15:35,olivier,10/09/18 16:21,olivier,Présence d'erreur.s,0,0,catA,cad,20,21
22,Artisan couvreur,Artisan couvreur,1,I>S/Priv>Pub,47B2,47B2,48B1,63B2,63B2,68A1,63B2,47B2,47B2,63B2,63B2,21B2,23B1,23A1,21B2,21B2,21B2,ARTISANCOUVREUR,ARTISANCOUVREUR,11/09/18 15:35,olivier,10/09/18 16:21,olivier,Validée,0,0,catA,cad,25,13
23,Artisan zingueur,Artisan zingueur,1,I>S/Priv>Pub,47B2,47B2,48B1,63B2,63B2,68A1,63B2,47B2,47B2,63B2,63B2,21B2,23B1,23A1,21B2,21B2,21B2,ARTISANZINGUEUR,ARTISANZINGUEUR,11/09/18 15:35,olivier,10/09/18 16:21,olivier,Validée,0,0,,,,
24,Bardeur,Bardeur,1,S>I/Priv>Pub,47B2,47B2,48B1,63B2,63B2,68A1,63B2,47B2,47B2,63B2,63B2,21B2,23B1,23A1,21B2,21B2,63B2,BARDEUR,BARDEUR,22/08/18 16:18,olivier,10/09/18 16:21,olivier,Validée,0,0,catA,cad,12,11
25,Charpentier,Charpentier,1,S>I/Priv>Pub,47B2,47B2,48B1,63B2,63B2,68A1,63B2,47B2,47B2,63B2,63B2,21B2,23B1,23A1,21B2,21B2,63B2,CHARPENTIER,CHARPENTIER,22/08/18 16:18,olivier,10/09/18 16:21,olivier,Validée,0,0,,,,
26,Charpentier couvreur,Charpentier couvreur,1,S>I/Priv>Pub,47B2,47B2,48B1,63B2,63B2,68A1,63B2,47B2,47B2,63B2,63B2,21B2,23B1,23A1,21B2,21B2,63B2,CHARPENTIERCOUVREUR,CHARPENTIERCOUVREUR,23/08/18 15:39,Mathieu,10/09/18 16:21,olivier,Présence d'erreur.s,0,0,i,emp,.,9
27,Couvreur,Couvreuse,1,S>I/Priv>Pub,47B2,47B2,48B1,63B2,63B2,68A1,63B2,47B2,47B2,63B2,63B2,21B2,23B1,23A1,21B2,21B2,63B2,COUVREUR,COUVREUR,23/08/18 15:39,Mathieu,10/09/18 16:21,olivier,Validée,0,0,catA,emp,5,5
28,Ferblantier-couvreur,Ferblantier-couvreur,1,S>I/Priv>Pub,47B2,47B2,48B1,63B2,63B2,68A1,63B2,47B2,47B2,63B2,63B2,21B2,23B1,23A1,21B2,21B2,63B2,FERBLANTIERCOUVREUR,FERBLANTIERCOUVREUR,11/09/18 15:35,olivier,10/09/18 16:21,olivier,Présence d'erreur.s,0,0,,,,
29,Monteur charpente,Monteuse charpente,1,S>I/Priv>Pub,47B2,47B2,48B1,63B2,63B2,68A1,63B2,47B2,47B2,63B2,63B2,21B2,23B1,23A1,21B2,21B2,63B2,MONTEURCHARPENTE,MONTEURCHARPENTE,23/08/18 15:39,Mathieu,10/09/18 16:21,olivier,Validée,0,0,catA,i,9,.
30,Monteur levageur,Monteuse levageuse,1,S>I/Priv>Pub,47B2,47B2,48B1,63B2,63B2,68A1,63B2,47B2,47B2,63B2,63B2,21B2,23B1,23A1,21B2,21B2,63B2,MONTEURLEVAGEUR,MONTEUSELEVAGEUSE,11/09/18 15:35,olivier,12/09/18 09:47,olivier,Présence d'erreur.s,0,0,catA,emp,11,9
31,Plombier couvreur,Plombière couvreur,1,S>I/Priv>Pub,47B2,47B2,48B1,63B2,63B2,68A1,63B2,47B2,47B2,63B2,63B2,21B2,23B1,23A1,21B2,21B2,63B2,PLOMBIERCOUVREUR,PLOMBIERECOUVREUR,11/09/18 15:35,olivier,12/09/18 09:47,olivier,Validée,0,0,,,,
32,Plombier zingueur,Plombière zingueuse,1,S>I/Priv>Pub,47B2,47B2,48B1,63B2,63B2,68A1,63B2,47B2,47B2,63B2,63B2,21B2,23B1,23A1,21B2,21B2,63B2,PLOMBIERZINGUEUR,PLOMBIEREZINGUEUSE,11/09/18 15:35,olivier,12/09/18 09:47,olivier,Présence d'erreur.s,0,0,,,,
33,Zingueur,Zingueuse,1,S>I/Priv>Pub,47B2,47B2,48B1,63B2,63B2,68A1,63B2,47B2,47B2,63B2,63B2,21B2,23B1,23A1,21B2,21B2,63B2,ZINGUEUR,ZINGUEUSE,29/08/18 12:34,florent,12/09/18 09:47,olivier,Validée,0,0,,,,
34,Artisan menuisier du bâtiment,Artisan menuisier du bâtiment,1,I>S/Priv>Pub,47B2,47B2,48B1,63B3,63B3,68A2,63B3,47B2,47B2,63B3,63B3,21B3,23B1,23A1,21B3,21B3,21B3,ARTISANMENUISIERBATIMENT,ARTISANMENUISIERBATIMENT,29/08/18 16:48,florent,12/09/18 09:47,olivier,Présence d'erreur.s,0,0,catA,i,5,.
35,Cuisiniste,Cuisiniste,1,I>S/Priv>Pub,47B2,47B2,48B1,63B3,63B3,68A2,63B3,47B2,47B2,63B3,63B3,21B3,23B1,23A1,21B3,21B3,21B3,CUISINISTE,CUISINISTE,29/08/18 17:02,florent,12/09/18 09:47,olivier,Validée,0,0,,,,
36,Escaliéteur,Escaliéteur,1,S>I/Priv>Pub,47B2,47B2,48B1,63B3,63B3,68A2,63B3,47B2,47B2,63B3,63B3,21B3,23B1,23A1,21B3,21B3,63B3,ESCALIETEUR,ESCALIETEUR,29/08/18 17:05,florent,,olivier,Attente de validation du valideur,0,0,,,,
37,Menuisier agenceur,Menuisière agenceur,1,I>S/Priv>Pub,47B2,47B2,48B1,63B3,63B3,68A2,63B3,47B2,47B2,63B3,63B3,21B3,23B1,23A1,21B3,21B3,21B3,MENUISIERAGENCEUR,MENUISIEREAGENCEUR,29/08/18 17:09,florent,,olivier,Validée,0,0,,,,
38,Menuisier charpentier,Menuisière charpentière,1,S>I/Priv>Pub,47B2,47B2,48B1,63B3,63B3,68A2,63B3,47B2,47B2,63B3,63B3,21B3,23B1,23A1,21B3,21B3,63B3,MENUISIERCHARPENTIER,MENUISIERCHARPENTIER,23/08/18 15:38,Mathieu,,olivier,Présence d'erreur.s,0,0,,,,
39,Menuisier du bâtiment,Menuisière du bâtiment,1,S>I/Priv>Pub,47B2,47B2,48B1,63B3,63B3,68A2,63B3,47B2,47B2,63B3,63B3,21B3,23B1,23A1,21B3,21B3,63B3,MENUISIERBATIMENT,MENUISIEREBATIMENT,29/08/18 17:10,florent,,olivier,Validée,0,0,,,,
40,Menuisier plaquiste,Menuisière plaquiste,1,S>I/Priv>Pub,47B2,47B2,48B1,63B3,63B3,68A2,63B3,47B2,47B2,63B3,63B3,21B3,23B1,23A1,21B3,21B3,63B3,MENUISIERPLAQUISTE,MENUISIERPLAQUISTE,23/08/18 15:38,Mathieu,,olivier,Validée,0,0,,,,
41,Menuisier poseur,Menuisière poseur,1,S>I/Priv>Pub,47B2,47B2,48B1,63B3,63B3,68A2,63B3,47B2,47B2,63B3,63B3,21B3,23B1,23A1,21B3,21B3,63B3,MENUISIERPOSEUR,MENUISIERPOSEUR,23/08/18 15:38,Mathieu,,olivier,Validée,0,0,,,,
42,Parqueteur,Parqueteuse,1,S>I/Priv>Pub,47B2,47B2,48B1,63B3,63B3,68A2,63B3,47B2,47B2,63B3,63B3,21B3,23B1,23A1,21B3,21B3,63B3,PARQUETEUR,PARQUETEUR,23/08/18 15:38,Mathieu,12/09/18 12:12,olivier,Validée,0,0,catA,cad,22,52
43,Parquetiste,Parquetiste,1,S>I/Priv>Pub,47B2,47B2,48B1,63B3,63B3,68A2,63B3,47B2,47B2,63B3,63B3,21B3,23B1,23A1,21B3,21B3,63B3,PARQUETISTE,PARQUETISTE,29/08/18 14:48,florent,12/09/18 12:16,olivier,Présence d'erreur.s,0,0,,,,
44,Pévéciste,Pévéciste,1,S>I/Priv>Pub,47B2,47B2,48B1,68A2,63B3,68A2,68A2,47B2,47B2,68A2,68A2,21B3,23B1,23A1,21B3,21B3,68A2,PEVECISTE,PEVECISTE,29/08/18 17:14,florent,12/09/18 12:23,olivier,Présence d'erreur.s,0,0,,,,
45,Poseur de parquet,Poseuse de parquet,1,S>I/Priv>Pub,47B2,47B2,48B1,63B3,63B3,68A2,63B3,47B2,47B2,63B3,63B3,21B3,23B1,23A1,21B3,21B3,63B3,POSEURPARQUET,POSEUSEPARQUET,29/08/18 17:18,florent,12/09/18 12:23,olivier,Validée,0,0,catA,i,23,.
46,Artisan chauffagiste,Artisan chauffagiste,1,I>S/Priv>Pub,47B2,47B2,48B1,63B4,63B4,68A2,63B4,47B2,47B2,63B4,63B4,21B4,23B1,23A1,21B4,21B4,21B4,ARTISANCHAUFFAGISTE,ARTISANCHAUFFAGISTE,29/08/18 17:45,florent,12/09/18 12:23,olivier,Présence d'erreur.s,0,0,,,,
47,Artisan plombier,Artisan plombier,1,I>S/Priv>Pub,47B2,47B2,48B1,63B4,63B4,68A2,63B4,47B2,47B2,63B4,63B4,21B4,23B1,23A1,21B4,21B4,21B4,ARTISANPLOMBIER,ARTISANPLOMBIER,29/08/18 17:45,florent,Alexia,olivier,Attente de validation du valideur,0,0,,,,
48,Chauffagiste,Chauffagiste,1,S>I/Priv>Pub,47B2,47B2,48B1,63B4,63B4,68A2,63B4,47B2,47B2,63B4,63B4,21B4,23B1,23A1,21B4,21B4,63B4,CHAUFFAGISTE,CHAUFFAGISTE,23/08/18 15:38,Mathieu,Alexia,olivier,Attente de validation du valideur,0,0,catA,cad,54,18
49,Climaticien,Climaticienne,1,S>I/Priv>Pub,47B2,47B2,48B1,47B2,63B4,68A2,47B2,47B2,47B2,47B2,47B2,21B4,23B1,23A1,21B4,21B4,47B2,CLIMATICIEN,CLIMATICIEN,23/08/18 15:38,Mathieu,Alexia,olivier,Attente de validation du valideur,0,0,,,,
50,Frigoriste,Frigoriste,1,S>I/Priv>Pub,47B2,47B2,48B1,47B2,63B4,68A2,47B2,47B2,47B2,47B2,47B2,21B4,23B1,23A1,21B4,21B4,47B2,FRIGORISTE,FRIGORISTE,23/08/18 15:38,Mathieu,Alexia,olivier,Attente de validation du valideur,0,0,,,,
51,Géothermicien,Géothermicien,1,S>I/Priv>Pub,47B2,47B2,48B1,47B2,63B4,68A2,47B2,47B2,47B2,47B2,47B2,21B4,23B1,23A1,21B4,21B4,47B2,GEOTHERMICIEN,GEOTHERMICIEN,29/08/18 17:51,florent,12/09/18 15:01,olivier,Validée,0,0,catA,cad,18,100
52,Installateur de climatisation,Installatrice de climatisation,1,S>I/Priv>Pub,47B2,47B2,48B1,63B4,63B4,68A2,63B4,47B2,47B2,63B4,63B4,21B4,23B1,23A1,21B4,21B4,63B4,INSTALLATEURCLIMATISATION,INSTALLATRICECLIMATISATION,29/08/18 17:55,florent,12/09/18 15:01,olivier,Validée,0,0,i,cad,.,29
53,Installateur sanitaire,Installatrice sanitaire,1,S>I/Priv>Pub,47B2,47B2,48B1,63B4,63B4,68A2,63B4,47B2,47B2,63B4,63B4,21B4,23B1,23A1,21B4,21B4,63B4,INSTALLATEURSANITAIRE,INSTALLATEURSANITAIRE,23/08/18 15:38,Mathieu,12/09/18 15:01,olivier,Validée,0,0,i,cad,.,6
54,Monteur de chauffage,Monteuse de chauffage,1,S>I/Priv>Pub,47B2,47B2,48B1,63B4,63B4,68A2,63B4,47B2,47B2,63B4,63B4,21B4,23B1,23A1,21B4,21B4,63B4,MONTEURCHAUFFAGE,MONTEUSECHAUFFAGE,29/08/18 17:55,florent,12/09/18 15:12,olivier,Validée,0,0,,,,
55,Monteur en climatisation,Monteuse en climatisation,1,S>I/Priv>Pub,47B2,47B2,48B1,63B4,63B4,68A2,63B4,47B2,47B2,63B4,63B4,21B4,23B1,23A1,21B4,21B4,63B4,MONTEURCLIMATISATION,MONTEUSECLIMATISATION,29/08/18 17:55,florent,12/09/18 15:12,olivier,Validée,0,0,,,,
56,Monteur sanitaire,Monteuse sanitaire,1,S>I/Priv>Pub,47B2,47B2,48B1,63B4,63B4,68A2,63B4,47B2,47B2,63B4,63B4,21B4,23B1,23A1,21B4,21B4,63B4,MONTEURSANITAIRE,MONTEURSANITAIRE,23/08/18 15:38,Mathieu,12/09/18 15:12,olivier,Présence d'erreur.s,0,0,catA,cad,681,747
57,Plombier,Plombière,1,S>I/Priv>Pub,47B2,47B2,48B1,63B4,63B4,68A2,63B4,47B2,47B2,63B4,63B4,21B4,23B1,23A1,21B4,21B4,63B4,PLOMBIER,PLOMBIER,23/08/18 15:38,Mathieu,12/09/18 15:12,olivier,Présence d'erreur.s,0,0,catA,cad,21,33
58,Plombier chauffagiste,Plombière chauffagiste,1,S>I/Priv>Pub,47B2,47B2,48B1,63B4,63B4,68A2,63B4,47B2,47B2,63B4,63B4,21B4,23B1,23A1,21B4,21B4,63B4,PLOMBIERCHAUFFAGISTE,PLOMBIERCHAUFFAGISTE,23/08/18 15:38,Mathieu,12/09/18 15:28,olivier,Présence d'erreur.s,0,0,,,,
59,Poseur de canalisation,Poseuse de canalisation,1,S>I/Priv>Pub,47B2,47B2,48B1,63B4,63B4,68A2,63B4,47B2,47B2,63B4,63B4,21B4,23B1,23A1,21B4,21B4,63B4,POSEURCANALISATION,POSEUSECANALISATION,29/08/18 17:55,florent,12/09/18 15:28,olivier,Présence d'erreur.s,0,0,i,cad,.,6
60,Tuyauteur de bâtiment,Tuyauteuse de bâtiment,1,S>I/Priv>Pub,47B2,47B2,48B1,63B4,63B4,68A2,63B4,47B2,47B2,63B4,63B4,21B4,23B1,23A1,21B4,21B4,63B4,TUYAUTEURBATIMENT,TUYAUTEUSEBATIMENT,29/08/18 17:55,florent,12/09/18 15:28,olivier,Présence d'erreur.s,0,0,,,,
61,Antenniste,Antenniste,1,S>I/Priv>Pub,47B2,47B2,48B1,63B5,63B5,68A2,63B5,47B2,47B2,63B5,63B5,21B5,23B1,23A1,21B5,21B5,63B5,ANTENNISTE,ANTENNISTE,29/08/18 18:02,florent,12/09/18 15:28,olivier,Présence d'erreur.s,0,0,catA,cad,21,24
62,Artisan électricien du bâtiment,Artisan électricien du bâtiment,1,I>S/Priv>Pub,47B2,47B2,48B1,63B5,63B5,68A2,63B5,47B2,47B2,63B5,63B5,21B5,23B1,23A1,21B5,21B5,21B5,ARTISANELECTRICIENBATIMENT,ARTISANELECTRICIENBATIMENT,29/08/18 18:05,florent,12/09/18 15:29,olivier,Validée,0,0,,,,
63,Électricien de chantier,Électricienne de chantier,1,S>I/Priv>Pub,47B2,47B2,48B1,63B5,63B5,68A2,63B5,47B2,47B2,63B5,63B5,21B5,23B1,23A1,21B5,21B5,63B5,ELECTRICIENCHANTIER,ELECTRICIENCHANTIER,23/08/18 15:58,olivier,12/09/18 15:29,olivier,Validée,0,0,,,,
64,Électricien du bâtiment,Électricienne du bâtiment,1,S>I/Priv>Pub,47B2,47B2,48B1,63B5,63B5,68A2,63B5,47B2,47B2,63B5,63B5,21B5,23B1,23A1,21B5,21B5,63B5,ELECTRICIENBATIMENT,ELECTRICIENBATIMENT,23/08/18 15:58,olivier,12/09/18 15:29,olivier,Présence d'erreur.s,0,0,,,,
65,Électricien plombier,Électricienne plombier,1,S>I/Priv>Pub,47B2,47B2,48B1,63B5,63B5,68A2,63B5,47B2,47B2,63B5,63B5,21B5,23B1,23A1,21B5,21B5,63B5,ELECTRICIENPLOMBIER,ELECTRICIENPLOMBIER,23/08/18 15:38,Mathieu,12/09/18 15:29,olivier,Présence d'erreur.s,0,0,,,,
66,Électricien plombier chauffagiste,Électricienne plombier chauffagiste,1,S>I/Priv>Pub,47B2,47B2,48B1,63B5,63B5,68A2,63B5,47B2,47B2,63B5,63B5,21B5,23B1,23A1,21B5,21B5,63B5,ELECTRICIENPLOMBIERCHAUFFAGISTE,ELECTRICIENNEPLOMBIERCHAUFFAGISTE,29/08/18 18:06,florent,12/09/18 15:29,olivier,Présence d'erreur.s,0,0,,,,
67,Enseigniste,Enseigniste,1,S>I/Priv>Pub,47B2,47B2,48B1,63B5,63B5,68A2,63B5,47B2,47B2,63B5,63B5,21B5,23B1,23A1,21B5,21B5,63B5,ENSEIGNISTE,ENSEIGNISTE,23/08/18 15:38,Mathieu,12/09/18 15:50,olivier,Présence d'erreur.s,0,0,,,,
68,Installateur d’alarme,Installatrice d’alarme,1,S>I/Priv>Pub,47B2,47B2,48B1,63B5,63B5,68A2,63B5,47B2,47B2,63B5,63B5,21B5,23B1,23A1,21B5,21B5,63B5,INSTALLATEURDALARME,INSTALLATRICEDALARME,29/08/18 18:16,florent,13/09/18 09:01,olivier,Validée,0,0,catA,cad,9,190
69,Installateur téléphonique,Installatrice téléphonique,1,S>I/Priv>Pub,47B2,47B2,48B1,63B5,63B5,68A2,63B5,47B2,47B2,63B5,63B5,21B5,23B1,23A1,21B5,21B5,63B5,INSTALLATEURTELEPHONIQUE,INSTALLATRICETELEPHONIQUE,29/08/18 18:16,florent,13/09/18 09:02,olivier,Validée,0,0,catA,i,5,.
70,Artisan carreleur,Artisan carreleur,1,I>S/Priv>Pub,47B2,47B2,48B1,63B6,63B6,68A2,63B6,47B2,47B2,63B6,63B6,21B6,23B1,23A1,21B6,21B6,21B6,ARTISANCARRELEUR,ARTISANCARRELEUR,30/08/18 16:25,florent,13/09/18 09:07,olivier,Validée,0,0,,,,
71,Artisan peintre en bâtiment,Artisan peintre en bâtiment,1,I>S/Priv>Pub,47B2,47B2,48B1,63B6,63B6,68A2,63B6,47B2,47B2,63B6,63B6,21B6,23B1,23A1,21B6,21B6,21B6,ARTISANPEINTREBATIMENT,ARTISANPEINTREBATIMENT,30/08/18 16:25,florent,13/09/18 09:07,olivier,Validée,0,0,,,,
72,Artisan plâtrier,Artisan plâtrier,1,I>S/Priv>Pub,47B2,47B2,48B1,63B6,63B6,68A2,63B6,47B2,47B2,63B6,63B6,21B6,23B1,23A1,21B6,21B6,21B6,ARTISANPLATRIER,ARTISANPLATRIER,30/08/18 16:30,florent,13/09/18 09:07,olivier,Validée,0,0,,,,
73,Calorifugeur,Calorifugeur,1,S>I/Priv>Pub,47B2,47B2,48B1,63B6,63B6,68A2,63B6,47B2,47B2,63B6,63B6,21B6,23B1,23A1,21B6,21B6,63B6,CALORIFUGEUR,CALORIFUGEUR,23/08/18 15:38,Mathieu,13/09/18 09:38,olivier,Attente de validation du valideur,0,0,catA,cad,65,1030
74,Carreleur,Carreleur,1,S>I/Priv>Pub,47B2,47B2,48B1,63B6,63B6,68A2,63B6,47B2,47B2,63B6,63B6,21B6,23B1,23A1,21B6,21B6,63B6,CARRELEUR,CARRELEUR,23/08/18 15:38,Mathieu,13/09/18 09:38,olivier,Attente de validation du valideur,0,0,i,cad,.,99
75,Carreleur mosaïste,Carreleur mosaïste,1,S>I/Priv>Pub,47B2,47B2,48B1,63B6,63B6,68A2,63B6,47B2,47B2,63B6,63B6,21B6,23B1,23A1,21B6,21B6,63B6,CARRELEURMOSAISTE,CARRELEURMOSAISTE,23/08/18 15:38,Mathieu,13/09/18 09:38,olivier,Attente de validation du valideur,0,0,catA,cad,6,24
76,Façadier ravalement,Façadier ravalement,1,S>I/Priv>Pub,47B2,47B2,48B1,63B6,63B6,68A2,63B6,47B2,47B2,63B6,63B6,21B6,23B1,23A1,21B6,21B6,63B6,FACADIERRAVALEMENT,FACADIERRAVALEMENT,30/08/18 16:27,florent,13/09/18 09:56,olivier,Attente de validation du valideur,0,0,,,,
77,Peintre décorateur,Peintre décorateur,1,S>I/Priv>Pub,47B2,47B2,48B1,63B6,63B6,68A2,63B6,47B2,47B2,63B6,63B6,21B6,23B1,23A1,21B6,21B6,63B6,PEINTREDECORATEUR,PEINTREDECORATEUR,23/08/18 15:38,Mathieu,13/09/18 09:56,olivier,Validée,0,0,catA,cad,300,117
78,Peintre en bâtiment,Peintre en bâtiment,1,S>I/Priv>Pub,47B2,47B2,48B1,63B6,63B6,68A2,63B6,47B2,47B2,63B6,63B6,21B6,23B1,23A1,21B6,21B6,63B6,PEINTREBATIMENT,PEINTREBATIMENT,23/08/18 15:38,Mathieu,13/09/18 09:56,olivier,Validée,0,0,,,,
79,Peintre tapissier,Peintre tapissier,1,S>I/Priv>Pub,47B2,47B2,48B1,63B6,63B6,68A2,63B6,47B2,47B2,63B6,63B6,21B6,23B1,23A1,21B6,21B6,63B6,PEINTRETAPISSIER,PEINTRETAPISSIER,23/08/18 15:38,Mathieu,13/09/18 09:56,olivier,Validée,0,0,catA,cad,66,30
80,Plaquiste,Plaquiste,1,S>I/Priv>Pub,47B2,47B2,48B1,63B6,63B6,68A2,63B6,47B2,47B2,63B6,63B6,21B6,23B1,23A1,21B6,21B6,63B6,PLAQUISTE,PLAQUISTE,23/08/18 15:38,Mathieu,13/09/18 11:55,olivier,Validée,0,0,catA,cad,65,18
81,Plâtrier,Plâtrière,1,S>I/Priv>Pub,47B2,47B2,48B1,63B6,63B6,68A2,63B6,47B2,47B2,63B6,63B6,21B6,23B1,23A1,21B6,21B6,63B6,PLATRIER,PLATRIER,23/08/18 15:38,Mathieu,13/09/18 11:56,olivier,Validée,0,0,,,,
82,Plâtrier peintre,Plâtrière peintre,1,S>I/Priv>Pub,47B2,47B2,48B1,63B6,63B6,68A2,63B6,47B2,47B2,63B6,63B6,21B6,23B1,23A1,21B6,21B6,63B6,PLATRIERPEINTRE,PLATRIEREPEINTRE,20/05/19 15:57,Olivier,13/09/18 12:21,olivier,Validée,0,0,,,,
83,Poseur de miroir,Poseuse de miroir,1,S>I/Priv>Pub,47B2,47B2,48B1,63B6,63B6,68A2,63B6,47B2,47B2,63B6,63B6,21B6,23B1,23A1,21B6,21B6,63B6,POSEURMIROIR,POSEUSEMIROIR,30/08/18 16:29,florent,13/09/18 12:21,olivier,Validée,0,0,i,cad,.,10
84,Poseur de sols,Poseuse de sols,1,S>I/Priv>Pub,47B2,47B2,48B1,63B6,63B6,68A2,63B6,47B2,47B2,63B6,63B6,21B6,23B1,23A1,21B6,21B6,63B6,POSEURSOLS,POSEURSOLS,23/08/18 15:59,olivier,13/09/18 12:21,olivier,Validée,0,0,,,,
85,Poseur de vitre,Poseuse de vitre,1,S>I/Priv>Pub,47B2,47B2,48B1,63B6,63B6,68A2,63B6,47B2,47B2,63B6,63B6,21B6,23B1,23A1,21B6,21B6,63B6,POSEURVITRE,POSEUSEVITRE,30/08/18 16:29,florent,13/09/18 12:21,olivier,Validée,0,0,catA,cad,11,50
86,Ravaleur,Ravaleur,1,S>I/Priv>Pub,47B2,47B2,48B1,68A2,63B6,68A2,68A2,47B2,47B2,68A2,68A2,21B6,23B1,23A1,21B6,21B6,68A2,RAVALEUR,RAVALEUR,23/08/18 15:38,Mathieu,13/09/18 12:21,olivier,Validée,0,0,catA,i,16,.
87,Solier,Solière,1,S>I/Priv>Pub,47B2,47B2,48B1,63B6,63B6,68A2,63B6,47B2,47B2,63B6,63B6,21B6,23B1,23A1,21B6,21B6,63B6,SOLIER,SOLIER,23/08/18 15:38,Mathieu,13/09/18 12:21,olivier,Validée,0,0,,,,
88,Solier moquettiste,Solière moquettiste,1,S>I/Priv>Pub,47B2,47B2,48B1,63B6,63B6,68A2,63B6,47B2,47B2,63B6,63B6,21B6,23B1,23A1,21B6,21B6,63B6,SOLIERMOQUETTISTE,SOLIEREMOQUETTISTE,30/08/18 16:31,florent,13/09/18 12:21,olivier,Validée,0,0,,,,
89,Artificier,Artificier,1,S>I/Priv>Pub,47B2,47B2,48B1,62A3,62A3,67A1,62A3,47B2,47B2,62A3,62A3,21B7,23B1,23A1,21B7,21B7,63B6,ARTIFICIER,ARTIFICIER,30/08/18 16:41,florent,13/09/18 12:21,olivier,Validée,0,0,catA,i,13,.
90,Artisan du bâtiment,Artisan du bâtiment,1,I>S/Priv>Pub,47B2,47B2,48B1,62A3,62A3,67A1,62A3,47B2,47B2,62A3,62A3,21B7,23B1,23A1,21B7,21B7,21B7,ARTISANBATIMENT,ARTISANBATIMENT,30/08/18 16:42,florent,13/09/18 12:21,olivier,Validée,0,0,,,,
91,Artisan du BTP,Artisan du BTP,1,I>S/Priv>Pub,47B2,47B2,48B1,62A3,62A3,67A1,62A3,47B2,47B2,62A3,62A3,21B7,23B1,23A1,21B7,21B7,21B7,ARTISANBTP,ARTISANBTP,30/08/18 16:42,florent,14/09/18 14:32,olivier,Validée,0,0,,,,
92,Artisan en travaux publics,Artisan en travaux publics,1,I>S/Priv>Pub,47B2,47B2,48B1,62A3,62A3,67A1,62A3,47B2,47B2,62A3,62A3,21B7,23B1,23A1,21B7,21B7,21B7,ARTISANTRAVAUXPUBLICS,ARTISANTRAVAUXPUBLICS,30/08/18 16:42,florent,14/09/18 14:32,olivier,Validée,0,0,,,,
93,Artisan en travaux VRD (voiries réseaux divers),Artisan en travaux VRD (voiries réseaux divers),1,I>S/Priv>Pub,47B2,47B2,48B1,62A3,62A3,67A1,62A3,47B2,47B2,62A3,62A3,21B7,23B1,23A1,21B7,21B7,21B7,ARTISANTRAVAUXVRDVOIRIESRESEAUXDIVERS,ARTISANTRAVAUXVRDVOIRIESRESEAUXDIVERS,30/08/18 16:42,florent,14/09/18 14:32,olivier,Validée,0,0,,,,
94,Artisan terrassier,Artisan terrassier,1,I>S/Priv>Pub,47B2,47B2,48B1,62A3,62A3,67A1,62A3,47B2,47B2,62A3,62A3,21B7,23B1,23A1,21B7,21B7,21B7,ARTISANTERRASSIER,ARTISANTERRASSIER,30/08/18 16:42,florent,14/09/18 14:32,olivier,Validée,0,0,,,,
95,Canalisateur,Canalisateur,1,S>I/Priv>Pub,47B2,47B2,48B1,67A1,62A3,67A1,67A1,47B2,47B2,67A1,67A1,21B7,23B1,23A1,21B7,21B7,67A1,CANALISATEUR,CANALISATEUR,23/08/18 15:38,Mathieu,14/09/18 14:32,olivier,Validée,0,0,,,,
96,Démineur,Démineuse,1,S>I/Priv>Pub,47B2,47B2,48B1,62A3,62A3,67A1,62A3,47B2,47B2,62A3,62A3,21B7,23B1,23A1,21B7,21B7,62A3,DEMINEUR,DEMINEUSE,30/08/18 16:46,florent,14/09/18 14:32,olivier,Validée,0,0,,,,
97,Démolisseur,Démolisseuse,1,S>I/Priv>Pub,47B2,47B2,48B1,67A1,62A3,67A1,67A1,47B2,47B2,67A1,67A1,21B7,23B1,23A1,21B7,21B7,67A1,DEMOLISSEUR,DEMOLISSEUR,23/08/18 15:38,Mathieu,14/09/18 14:32,olivier,Validée,0,0,,,,
98,Entrepreneur en aménagements urbains,Entrepreneur en aménagements urbains,1,UI,21B7,21B7,21B7,21B7,21B7,21B7,21B7,21B7,21B7,21B7,21B7,21B7,23B1,23A1,21B7,21B7,21B7,ENTREPRENEURAMENAGEMENTSURBAINS,ENTREPRENEURAMENAGEMENTSURBAINS,23/08/18 15:38,Mathieu,14/09/18 14:32,olivier,Validée,0,0,,,,
99,Entrepreneur en démolition,Entrepreneur en démolition,1,UI,21B7,21B7,21B7,21B7,21B7,21B7,21B7,21B7,21B7,21B7,21B7,21B7,23B1,23A1,21B7,21B7,21B7,ENTREPRENEURDEMOLITION,ENTREPRENEURDEMOLITION,23/08/18 15:38,Mathieu,14/09/18 14:32,olivier,Validée,0,0,,,,
100,Entrepreneur en terrassement et VRD (voiries réseaux divers),Entrepreneur en terrassement et VRD (voiries réseaux divers),1,UI,21B7,21B7,21B7,21B7,21B7,21B7,21B7,21B7,21B7,21B7,21B7,21B7,23B1,23A1,21B7,21B7,21B7,ENTREPRENEURTERRASSEMENTETVRDVOIRIESRESEAUXDIVERS,ENTREPRENEURTERRASSEMENTETVRDVOIRIESRESEAUXDIVERS,23/08/18 15:38,Mathieu,14/09/18 14:32,olivier,Validée,0,0,catA,emp,22,19
101,Foreur,Foreur,1,S>I/Priv>Pub,47B2,47B2,48B1,62A3,62A3,67A1,62A3,47B2,47B2,62A3,62A3,21B7,23B1,23A1,21B7,21B7,62A3,FOREUR,FOREUR,23/08/18 15:38,Mathieu,14/09/18 15:28,olivier,Validée,0,0,,,,
102,Orpailleur,Orpailleur,1,S>I/Priv>Pub,47B2,47B2,48B1,0,62A3,67A1,0,47B2,47B2,?,0,21B7,23B1,23A1,21B7,21B7,i,ORPAILLEUR,ORPAILLEUR,23/08/18 15:38,Mathieu,14/09/18 15:28,olivier,Validée,0,0,,,,
103,Sondeur de gisement,Sondeuse de gisement,1,S>I/Priv>Pub,47B2,47B2,48B1,62A3,62A3,67A1,62A3,47B2,47B2,62A3,62A3,21B7,23B1,23A1,21B7,21B7,62A3,SONDEURGISEMENT,SONDEUSEGISEMENT,30/08/18 16:53,florent,14/09/18 15:28,olivier,Validée,0,0,,,,
104,Terrassier,Terrassière,1,S>I/Priv>Pub,47B2,47B2,48B1,67A1,62A3,67A1,67A1,47B2,47B2,67A1,67A1,21B7,23B1,23A1,21B7,21B7,67A1,TERRASSIER,TERRASSIER,23/08/18 15:38,Mathieu,14/09/18 15:28,olivier,Validée,0,0,,,,
105,Architecte DPLG,Architecte DPLG,1,I>S/Priv>Pub,38C2,38C2,38C2,38C2,38C2,38C2,38C2,?,?,?,?,31B6,31B6,31B6,31B6,31B6,31B6,ARCHITECTEDPLG,ARCHITECTEDPLG,31/08/18 11:01,florent,14/09/18 15:28,olivier,Validée,0,0,i,cad,.,115
106,Architecte maitre d’œuvre,Architecte maitre d’œuvre,1,I>S/Priv>Pub,38C2,38C2,38C2,38C2,38C2,38C2,38C2,?,?,?,?,31B6,31B6,31B6,31B6,31B6,31B6,ARCHITECTEMAITREDOEUVRE,ARCHITECTEMAITREDOEUVRE,31/08/18 11:02,florent,14/09/18 15:28,olivier,Validée,0,0,i,cad,.,214
107,Architecte urbaniste,Architecte urbaniste,1,I>S/Priv>Pub,38C2,38C2,38C2,38C2,38C2,38C2,38C2,?,?,?,?,31B6,31B6,31B6,31B6,31B6,31B6,ARCHITECTEURBANISTE,ARCHITECTEURBANISTE,31/08/18 11:02,florent,14/09/18 15:28,olivier,Validée,0,0,,,,
108,Chef de projet du bâtiment,Cheffe de projet du bâtiment,1,S>I/Priv>Pub,38C1,47B2,47B2,47B2,47B2,47B2,47B2,?,47B2,47B2,47B2,31B5,23B1,23A1,31B5,31B5,47B2,CHEFPROJETBATIMENT,CHEFFEPROJETBATIMENT,31/08/18 10:54,florent,14/09/18 15:28,olivier,Validée,0,0,catA,cad,25,32
109,Chef de projet du BTP,Cheffe de projet du BTP,1,S>I/Priv>Pub,38C1,47B2,47B2,47B2,47B2,47B2,47B2,?,47B2,47B2,47B2,31B5,23B1,23A1,31B5,31B5,47B2,CHEFPROJETBTP,CHEFFEPROJETBTP,31/08/18 10:54,florent,14/09/18 15:28,olivier,Validée,0,0,i,cad,.,25
110,Consultant du bâtiment,Consultante du bâtiment,1,S>I/Priv>Pub,38C1,47B2,47B2,47B2,47B2,47B2,47B2,?,47B2,47B2,47B2,31B5,31B5,31B5,31B5,31B5,47B2,CONSULTANTBATIMENT,CONSULTANTEBATIMENT,31/08/18 10:54,florent,14/09/18 15:28,olivier,Validée,0,0,i,cad,.,11
111,Consultant du BTP,Consultante du BTP,1,S>I/Priv>Pub,38C1,47B2,47B2,47B2,47B2,47B2,47B2,?,47B2,47B2,47B2,31B5,31B5,31B5,31B5,31B5,47B2,CONSULTANTBTP,CONSULTANTEBTP,31/08/18 10:54,florent,14/09/18 15:59,olivier,Validée,0,0,,,,
112,Ingénieur d’études du bâtiment,Ingénieur d’études du bâtiment,1,S>I/Priv>Pub,38C1,38C1,38C1,38C1,38C1,38C1,38C1,?,?,?,?,31B5,31B5,31B5,31B5,31B5,38C1,INGENIEURDETUDESBATIMENT,INGENIEURDETUDESBATIMENT,31/08/18 10:54,florent,14/09/18 15:59,olivier,Validée,0,0,i,cad,.,11
113,Ingénieur d’études du BTP,Ingénieur d’études du BTP,1,S>I/Priv>Pub,38C1,38C1,38C1,38C1,38C1,38C1,38C1,?,?,?,?,31B5,31B5,31B5,31B5,31B5,38C1,INGENIEURDETUDESBTP,INGENIEURDETUDESBTP,31/08/18 10:54,florent,14/09/18 15:59,olivier,Validée,0,0,,,,
114,Ingénieur du bâtiment,Ingénieur du bâtiment,1,S>I/Priv>Pub,38C1,38C1,38C1,38C1,38C1,38C1,38C1,?,?,?,?,31B5,31B5,31B5,31B5,31B5,38C1,INGENIEURBATIMENT,INGENIEURBATIMENT,31/08/18 10:54,florent,14/09/18 15:59,olivier,Validée,0,0,,,,
115,Ingénieur du BTP,Ingénieur du BTP,1,S>I/Priv>Pub,38C1,38C1,38C1,38C1,38C1,38C1,38C1,?,?,?,?,31B5,31B5,31B5,31B5,31B5,38C1,INGENIEURBTP,INGENIEURBTP,31/08/18 10:54,florent,14/09/18 15:59,olivier,Validée,0,0,,,,
116,Géomètre du BTP,Géomètre du BTP,1,S>I/Priv>Pub,38C2,47B1,47B1,47B1,47B1,47B1,47B1,?,47B1,47B1,47B1,47B1,47B1,47B1,47B1,47B1,47B1,GEOMETREBTP,GEOMETREBTP,31/08/18 10:56,florent,14/09/18 15:59,olivier,Validée,0,0,i,cad,.,8
117,Urbaniste,Urbaniste,1,S>I/Priv>Pub,38C2,47B1,47B1,47B1,47B1,47B1,47B1,?,47B1,47B1,?,31B6,31B6,31B6,31B6,31B6,47B1,URBANISTE,URBANISTE,31/08/18 10:54,florent,14/09/18 15:59,olivier,Validée,0,0,,,,
118,Chef d’exploitation de carrière, minière, pétrolière,Cheffe d’exploitation de carrière, minière, pétrolière,1,S>I/Priv>Pub,38C3,48B1,48B1,48B1,48B1,48B1,48B1,?,48B1,48B1,48B1,21B7,23B1,23A1,21B7,21B7,48B1,CHEFDEXPLOITATIONCARRIERE,MINIERE,PETROLIERE,CHEFFEDEXPLOITATIONCARRIERE,MINIERE,PETROLIERE,31/08/18 11:01,florent,14/09/18 15:59,olivier,Validée,0,0,,,,
119,Chef de chantier,Cheffe de chantier,1,US/Priv>Pub,38C3,48B1,48B1,48B1,48B1,48B1,48B1,?,48B1,48B1,48B1,48B1,48B1,48B1,48B1,48B1,48B1,CHEFCHANTIER,CHEFFECHANTIER,31/08/18 10:55,florent,17/09/18 12:09,olivier,Validée,0,0,,,,
120,Conducteur de travaux,Conductrice de travaux,1,S>I/Priv>Pub,38C3,48B1,48B1,48B1,48B1,48B1,48B1,?,48B1,48B1,48B1,21B7,23B1,23A1,21B7,21B7,48B1,CONDUCTEURTRAVAUX,CONDUCTRICETRAVAUX,31/08/18 11:01,florent,17/09/18 12:09,olivier,Validée,0,0,catA,i,5,.
121,Directeur de travaux BTP,Directrice de travaux BTP,1,S>I/Priv>Pub,38C3,48B1,48B1,48B1,48B1,48B1,48B1,?,48B1,48B1,48B1,21B7,23B1,23A1,21B7,21B7,48B1,DIRECTEURTRAVAUXBTP,DIRECTRICETRAVAUXBTP,31/08/18 11:01,florent,17/09/18 12:09,olivier,Validée,0,0,,,,
122,Ingénieur des mines,Ingénieur des mines,1,S>I/Priv>Pub,38C3,38C3,38C3,38C3,38C3,38C3,38C3,?,?,?,?,31B7,31B7,31B7,31B7,31B7,38C3,INGENIEURMINES,INGENIEURMINES,31/08/18 10:55,florent,17/09/18 12:09,olivier,Validée,0,0,,,,
123,Ingénieur forage,Ingénieur forage,1,S>I/Priv>Pub,38C3,38C3,38C3,38C3,38C3,38C3,38C3,?,?,?,?,31B7,31B7,31B7,31B7,31B7,38C3,INGENIEURFORAGE,INGENIEURFORAGE,23/08/18 15:38,Mathieu,17/09/18 12:09,olivier,Validée,0,0,catA,emp,129,15
124,Ingénieur installations pétrolières,Ingénieur installations pétrolières,1,S>I/Priv>Pub,38C3,38C3,38C3,38C3,38C3,38C3,38C3,?,?,?,?,31B7,31B7,31B7,31B7,31B7,38C3,INGENIEURINSTALLATIONSPETROLIERES,INGENIEURINSTALLATIONSPETROLIERES,23/08/18 15:38,Mathieu,17/09/18 12:09,olivier,Validée,0,0,,,,
125,Ingénieur travaux,Ingénieur travaux,1,S>I/Priv>Pub,38C3,38C3,38C3,38C3,38C3,38C3,38C3,?,?,?,?,31B7,31B7,31B7,31B7,31B7,38C3,INGENIEURTRAVAUX,INGENIEURTRAVAUX,23/08/18 15:38,Mathieu,17/09/18 12:09,olivier,Validée,0,0,,,,
126,Arpenteur,Arpenteur,1,S>I/Priv>Pub,38C2,47B1,47B1,47B1,47B1,47B1,47B1,?,47B1,47B1,47B1,47B1,47B1,47B1,47B1,47B1,47B1,ARPENTEUR,ARPENTEUR,31/08/18 10:56,florent,17/09/18 12:09,olivier,Validée,0,0,catA,emp,533,116
127,Assistant d’architecte,Assistante d’architecte,1,US/Priv>Pub,47B1,47B1,47B1,47B1,47B1,47B1,47B1,47B1,47B1,47B1,47B1,47B1,47B1,47B1,47B1,47B1,47B1,ASSISTANTDARCHITECTE,ASSISTANTDARCHITECTE,23/08/18 15:38,Mathieu,17/09/18 12:09,olivier,Validée,0,0,,,,
128,Cartographe,Cartographe,1,S>I/Priv>Pub,38C2,47B1,47B1,47B1,47B1,47B1,47B1,?,47B1,47B1,47B1,47B1,47B1,47B1,47B1,47B1,47B1,CARTOGRAPHE,CARTOGRAPHE,31/08/18 10:57,florent,17/09/18 12:09,olivier,Validée,0,0,,,,
129,Chargé d’études SIG,Chargé d’études SIG,1,S>I/Priv>Pub,38C2,47B1,47B1,47B1,47B1,47B1,47B1,?,47B1,47B1,47B1,47B1,47B1,47B1,47B1,47B1,47B1,CHARGEDETUDESSIG,CHARGEDETUDESSIG,31/08/18 11:00,florent,17/09/18 14:05,olivier,Validée,0,0,,,,
130,Collaborateur d’architecte,Collaboratrice d’architecte,1,US/Priv>Pub,47B1,47B1,47B1,47B1,47B1,47B1,47B1,47B1,47B1,47B1,47B1,47B1,47B1,47B1,47B1,47B1,47B1,COLLABORATEURDARCHITECTE,COLLABORATEURDARCHITECTE,23/08/18 15:38,Mathieu,17/09/18 14:05,olivier,Validée,0,0,,,,
131,Dessinateur BTP,Dessinatrice BTP,1,S>I/Priv>Pub,47B1,47B1,47B1,47B1,47B1,47B1,47B1,47B1,47B1,47B1,47B1,47B1,47B1,47B1,47B1,47B1,47B1,DESSINATEURBTP,DESSINATEURBTP,23/08/18 15:38,Mathieu,17/09/18 14:05,olivier,Attente de validation du valideur,0,0,catA,emp,6722,3682
136,Géomètre,Géomètre,0,S>I/Priv>Pub,38C2,47B1,47B1,47B1,47B1,47B1,47B1,?,47B1,47B1,47B1,47B1,47B1,47B1,47B1,47B1,47B1,GEOMETRE,GEOMETRE,31/08/18 13:06,florent,17/09/18 14:05,olivier,Attente de validation du valideur,0,0,,,,
137,Géomètre du cadastre,Géomètre du cadastre,1,Upub,47B1,47B1,47B1,47B1,47B1,47B1,47B1,47B1,47B1,47B1,47B1,47B1,47B1,47B1,47B1,47B1,47B1,GEOMETRECADASTRE,GEOMETRECADASTRE,31/08/18 13:07,florent,17/09/18 14:05,olivier,Validée,0,0,catA,i,5,.
138,Géomètre foncier,Géomètre foncier,1,S>I/Priv>Pub,38C2,47B1,47B1,47B1,47B1,47B1,47B1,?,47B1,47B1,47B1,47B1,47B1,47B1,47B1,47B1,47B1,GEOMETREFONCIER,GEOMETREFONCIER,31/08/18 13:09,florent,17/09/18 14:05,olivier,Validée,0,0,,,,
139,Géomètre IGN,Géomètre IGN,1,S>I/Priv>Pub,38C2,47B1,47B1,47B1,47B1,47B1,47B1,?,47B1,47B1,47B1,47B1,47B1,47B1,47B1,47B1,47B1,GEOMETREIGN,GEOMETREIGN,31/08/18 13:09,florent,17/09/18 14:05,olivier,Attente de validation du valideur,0,0,catA,emp,107,12
140,Géomètre topographe,Géomètre topographe,1,S>I/Priv>Pub,38C2,47B1,47B1,47B1,47B1,47B1,47B1,?,47B1,47B1,47B1,47B1,47B1,47B1,47B1,47B1,47B1,GEOMETRETOPOGRAPHE,GEOMETRETOPOGRAPHE,31/08/18 13:09,florent,17/09/18 14:05,olivier,Validée,0,0,,,,
141,Géomètre-arpenteur,Géomètre-arpenteur,1,S>I/Priv>Pub,38C2,47B1,47B1,47B1,47B1,47B1,47B1,?,47B1,47B1,47B1,47B1,47B1,47B1,47B1,47B1,47B1,GEOMETREARPENTEUR,GEOMETREARPENTEUR,31/08/18 13:09,florent,17/09/18 14:05,olivier,Attente de validation du valideur,0,0,i,emp,.,21
142,Métreur,Métreuse,1,Upriv,47B1,47B1,47B1,47B1,47B1,47B1,47B1,47B1,47B1,47B1,47B1,47B1,47B1,47B1,47B1,47B1,47B1,METREUR,METREUSE,31/08/18 13:06,florent,17/09/18 14:05,olivier,Validée,0,0,,,,
143,Photogrammètre-topographe,Photogrammètre-topographe,1,S>I/Priv>Pub,38C2,47B1,47B1,47B1,47B1,47B1,47B1,?,47B1,47B1,47B1,47B1,47B1,47B1,47B1,47B1,47B1,PHOTOGRAMMETRETOPOGRAPHE,PHOTOGRAMMETRETOPOGRAPHE,31/08/18 13:09,florent,17/09/18 15:09,olivier,Validée,0,0,catB,emp,96,94
144,Projeteur BTP,Projeteuse BTP,1,S>I/Priv>Pub,47B1,47B1,47B1,47B1,47B1,47B1,47B1,47B1,47B1,47B1,47B1,47B1,47B1,47B1,47B1,47B1,47B1,PROJETEURBTP,PROJETEURBTP,23/08/18 15:38,Mathieu,17/09/18 15:09,olivier,Validée,0,0,,,,
145,Technicien géomètre,Technicienne géomètre,1,US/Priv>Pub,47B1,47B1,47B1,47B1,47B1,47B1,47B1,47B1,47B1,47B1,47B1,47B1,47B1,47B1,47B1,47B1,47B1,TECHNICIENGEOMETRE,TECHNICIENGEOMETRE,23/08/18 15:38,Mathieu,17/09/18 15:09,olivier,Validée,0,0,catB,tec,121,76
146,Topographe,Topographe,1,S>I/Priv>Pub,38C2,47B1,47B1,47B1,47B1,47B1,47B1,?,47B1,47B1,47B1,47B1,47B1,47B1,47B1,47B1,47B1,TOPOGRAPHE,TOPOGRAPHE,31/08/18 13:10,florent,17/09/18 15:09,olivier,Validée,0,0,,,,
147,Adjoint technique des travaux publics,Adjointe technique des travaux publics,1,Upub,47B2,47B2,47B2,catB,62A3,67A1,catB,47B2,47B2,62A3,catB,catB,catB,catB,catB,catB,0,ADJOINTTECHNIQUETRAVAUXPUBLICS,ADJOINTETECHNIQUETRAVAUXPUBLICS,08/04/19 15:55,olivier,17/09/18 15:09,olivier,Validée,0,0,catB,emp,74,89
148,Agent technique des travaux public,Agente technique des travaux public,1,Upub,47B2,47B2,47B2,0,62A3,67A1,0,47B2,47B2,62A3,0,0,0,0,0,0,0,AGENTTECHNIQUETRAVAUXPUBLIC,AGENTETECHNIQUETRAVAUXPUBLIC,31/08/18 13:15,florent,17/09/18 15:09,olivier,Validée,0,0,,,,
149,Chef de section des travaux public,Cheffe de section des travaux public,1,Upub,47B2,47B2,47B2,47B2,47B2,47B2,47B2,47B2,47B2,47B2,47B2,47B2,47B2,47B2,47B2,47B2,47B2,CHEFSECTIONTRAVAUXPUBLIC,CHEFFESECTIONTRAVAUXPUBLIC,31/08/18 13:16,florent,17/09/18 15:09,olivier,Validée,0,0,i,emp,.,5
150,Contrôleur des travaux public,Contrôleuse des travaux public,1,Upub,47B2,47B2,47B2,47B2,47B2,47B2,47B2,47B2,47B2,47B2,47B2,47B2,47B2,47B2,47B2,47B2,47B2,CONTROLEURTRAVAUXPUBLIC,CONTROLEUSETRAVAUXPUBLIC,31/08/18 13:16,florent,17/09/18 15:09,olivier,Validée,0,0,catB,emp,18,47
151,Réviseur des bâtiments de France (du patrimoine),Réviseur des bâtiments de France (du patrimoine),1,US/Pub>Priv,47B2,47B2,47B2,47B2,47B2,47B2,47B2,47B2,47B2,47B2,47B2,47B2,47B2,47B2,47B2,47B2,47B2,REVISEURBATIMENTSFRANCEPATRIMOINE,REVISEURBATIMENTSFRANCEPATRIMOINE,23/08/18 15:38,Mathieu,17/09/18 15:09,olivier,Validée,0,0,catB,tec,11,7
152,Technicien des travaux publics,Technicienne des travaux publics,1,US/Priv>Pub,47B2,47B2,47B2,47B2,47B2,47B2,47B2,47B2,47B2,47B2,47B2,47B2,47B2,47B2,47B2,47B2,47B2,TECHNICIENTRAVAUXPUBLICS,TECHNICIENTRAVAUXPUBLICS,23/08/18 15:38,Mathieu,17/09/18 15:09,olivier,Présence d'erreur.s,0,0,i,emp,.,7
153,Technicien du bâtiment,Technicienne du bâtiment,1,US/Priv>Pub,47B2,47B2,47B2,47B2,47B2,47B2,47B2,47B2,47B2,47B2,47B2,47B2,47B2,47B2,47B2,47B2,47B2,TECHNICIENBATIMENT,TECHNICIENBATIMENT,23/08/18 15:38,Mathieu,17/09/18 16:44,olivier,Validée,0,0,catB,tec,23,23
154,Technicien du BTP,Technicienne du BTP,1,US/Priv>Pub,47B2,47B2,47B2,47B2,47B2,47B2,47B2,47B2,47B2,47B2,47B2,47B2,47B2,47B2,47B2,47B2,47B2,TECHNICIENBTP,TECHNICIENBTP,23/08/18 15:38,Mathieu,17/09/18 16:44,olivier,Validée,0,0,catA,emp,115,149
155,Technicien en mesures physiques,Technicienne en mesures physiques,1,US/Priv>Pub,47B2,47B2,47B2,47B2,47B2,47B2,47B2,47B2,47B2,47B2,47B2,47B2,47B2,47B2,47B2,47B2,47B2,TECHNICIENMESURESPHYSIQUES,TECHNICIENMESURESPHYSIQUES,23/08/18 15:38,Mathieu,17/09/18 16:44,olivier,Présence d'erreur.s,0,0,,,,
156,Vérificateur des bâtiments de France,Vérificatrice des bâtiments de France,1,US/Pub>Priv,47B2,47B2,47B2,47B2,47B2,47B2,47B2,47B2,47B2,47B2,47B2,47B2,47B2,47B2,47B2,47B2,47B2,VERIFICATEURBATIMENTSFRANCE,VERIFICATEURBATIMENTSFRANCE,23/08/18 15:38,Mathieu,17/09/18 16:44,olivier,Présence d'erreur.s,0,0,,,,
157,Agent de maîtrise d’exploitation de carrières,Agente de maîtrise d’exploitation de carrières,1,US/Priv>Pub,48B1,48B1,48B1,48B1,48B1,48B1,48B1,48B1,48B1,48B1,48B1,48B1,48B1,48B1,48B1,48B1,48B1,AGENTMAITRISEDEXPLOITATIONCARRIERES,AGENTMAITRISEDEXPLOITATIONCARRIERES,23/08/18 15:38,Mathieu,17/09/18 16:44,olivier,Validée,0,0,,,,
158,Aide conducteur de travaux,Aide conducteur de travaux,1,US/Priv>Pub,48B1,48B1,48B1,48B1,48B1,48B1,48B1,48B1,48B1,48B1,48B1,48B1,48B1,48B1,48B1,48B1,48B1,AIDECONDUCTEURTRAVAUX,AIDECONDUCTEURTRAVAUX,23/08/18 15:38,Mathieu,17/09/18 16:44,olivier,Présence d'erreur.s,0,0,,,,
159,Chef de carrières,Cheffe de carrières,1,S>I/Priv>Pub,38C3,48B1,48B1,48B1,48B1,48B1,48B1,?,48B1,48B1,48B1,21B7,23B1,23A1,21B7,21B7,48B1,CHEFCARRIERES,CHEFFECARRIERES,08/04/19 15:55,olivier,17/09/18 16:44,olivier,Présence d'erreur.s,0,0,i,emp,.,11
160,Chef de chantier bâtiment,Cheffe de chantier bâtiment,1,US/Priv>Pub,38C3,48B1,48B1,48B1,48B1,48B1,48B1,?,48B1,48B1,48B1,48B1,48B1,48B1,48B1,48B1,48B1,CHEFCHANTIERBATIMENT,CHEFFECHANTIERBATIMENT,08/04/19 14:55,olivier,17/09/18 16:44,olivier,Présence d'erreur.s,0,0,,,,
161,Chef de chantier BTP,Cheffe de chantier BTP,1,US/Priv>Pub,38C3,48B1,48B1,48B1,48B1,48B1,48B1,?,48B1,48B1,48B1,48B1,48B1,48B1,48B1,48B1,48B1,CHEFCHANTIERBTP,CHEFFECHANTIERBTP,08/04/19 15:53,olivier,17/09/18 16:44,olivier,Validée,0,0,,,,
162,Chef de chantier CVC (chauffage, ventilation et climatisation),Cheffe de chantier CVC (chauffage, ventilation et climatisation),1,US/Priv>Pub,38C3,48B1,48B1,48B1,48B1,48B1,48B1,?,48B1,48B1,48B1,48B1,48B1,48B1,48B1,48B1,48B1,CHEFCHANTIERCVCCHAUFFAGE,VENTILATIONETCLIMATISATION,CHEFFECHANTIERCVCCHAUFFAGE,VENTILATIONETCLIMATISATION,08/04/19 15:53,olivier,17/09/18 16:44,olivier,Validée,0,0,,,,
163,Conducteur de chantiers,Conductrice de chantiers,1,S>I/Priv>Pub,38C3,48B1,48B1,48B1,48B1,48B1,48B1,?,48B1,48B1,48B1,21B7,23B1,23A1,21B7,21B7,48B1,CONDUCTEURCHANTIERS,CONDUCTRICECHANTIERS,08/04/19 15:57,olivier,17/09/18 16:44,olivier,Validée,0,0,,,,
164,Conducteur de travaux publics de l’État,Conductrice de travaux publics de l’État,1,Upub,33B1,48B1,48B1,48B1,48B1,48B1,48B1,33B1,48B1,48B1,48B1,48B1,48B1,48B1,48B1,48B1,48B1,CONDUCTEURTRAVAUXPUBLICSLETAT,CONDUCTRICETRAVAUXPUBLICSLETAT,08/04/19 15:58,olivier,20/09/18 10:36,olivier,Validée,0,0,,,,
165,Contremaître du génie civil,Contremaître du génie civil,1,US/Pub>Priv,48B1,48B1,48B1,48B1,48B1,48B1,48B1,48B1,48B1,48B1,48B1,48B1,48B1,48B1,48B1,48B1,48B1,CONTREMAITREGENIECIVIL,CONTREMAITREGENIECIVIL,23/08/18 15:38,Mathieu,20/09/18 10:36,olivier,Validée,0,0,,,,
166,Porion,Porion,1,US/Priv>Pub,48B1,48B1,48B1,48B1,48B1,48B1,48B1,48B1,48B1,48B1,48B1,48B1,48B1,48B1,48B1,48B1,48B1,PORION,PORION,23/08/18 15:38,Mathieu,20/09/18 10:36,olivier,Validée,0,0,,,,
167,Responsable de chantier,Responsable de chantier,1,S>I/Priv>Pub,38C3,48B1,48B1,48B1,48B1,48B1,48B1,?,48B1,48B1,48B1,21B7,23B1,23A1,21B7,21B7,48B1,RESPONSABLECHANTIER,RESPONSABLECHANTIER,08/04/19 15:58,olivier,20/09/18 10:36,olivier,Validée,0,0,catB,tec,17,46
168,Surveillant de travaux,Surveillante de travaux,1,US/Priv>Pub,38C3,48B1,48B1,48B1,48B1,48B1,48B1,?,48B1,48B1,48B1,48B1,48B1,48B1,48B1,48B1,48B1,SURVEILLANTTRAVAUX,SURVEILLANTETRAVAUX,08/04/19 15:58,olivier,20/09/18 10:36,olivier,Validée,0,0,,,,
169,Boiseur-béton,Boiseur-béton,1,S>I/Priv>Pub,47B2,47B2,48B1,62A1,62A1,67A1,62A1,47B2,47B2,62A1,62A1,21B1,23B1,23A1,21B1,21B1,62A1,BOISEURBETON,BOISEURBETON,24/08/18 16:54,florent,20/09/18 10:36,olivier,Validée,0,0,,,,
170,Cimentier-applicateur,Cimentier-applicateur,1,S>I/Priv>Pub,47B2,47B2,48B1,62A1,62A1,67A1,62A1,47B2,47B2,62A1,62A1,21B1,23B1,23A1,21B1,21B1,62A1,CIMENTIERAPPLICATEUR,CIMENTIERAPPLICATEUR,24/08/18 17:01,florent,20/09/18 10:36,olivier,Validée,0,0,catB,tec,6,19
171,Coffreur,Coffreur,1,S>I/Priv>Pub,47B2,47B2,48B1,62A1,62A1,67A1,62A1,47B2,47B2,62A1,62A1,21B1,23B1,23A1,21B1,21B1,62A1,COFFREUR,COFFREUR,23/08/18 15:38,Mathieu,20/09/18 10:36,olivier,Validée,0,0,,,,
172,Coffreur bancheur,Coffreur bancheur,1,S>I/Priv>Pub,47B2,47B2,48B1,62A1,62A1,67A1,62A1,47B2,47B2,62A1,62A1,21B1,23B1,23A1,21B1,21B1,62A1,COFFREURBANCHEUR,COFFREURBANCHEUR,23/08/18 15:57,olivier,20/09/18 10:36,olivier,Validée,0,0,i,emp,.,194
173,Coffreur boiseur,Coffreur boiseur,1,S>I/Priv>Pub,47B2,47B2,48B1,62A1,62A1,67A1,62A1,47B2,47B2,62A1,62A1,21B1,23B1,23A1,21B1,21B1,62A1,COFFREURBOISEUR,COFFREURBOISEUR,23/08/18 15:57,olivier,20/09/18 10:36,olivier,Validée,0,0,i,emp,.,51
174,Ferrailleur-béton,Ferrailleur-béton,1,S>I/Priv>Pub,47B2,47B2,48B1,62A1,62A1,67A1,62A1,47B2,47B2,62A1,62A1,21B1,23B1,23A1,21B1,21B1,62A1,FERRAILLEURBETON,FERRAILLEURBETON,24/08/18 17:01,florent,20/09/18 11:25,olivier,Validée,0,0,,,,
175,Maçon coffreur,Maçonne coffreur,1,S>I/Priv>Pub,47B2,47B2,48B1,62A1,62A1,67A1,62A1,47B2,47B2,62A1,62A1,21B1,23B1,23A1,21B1,21B1,62A1,MACONCOFFREUR,MACONCOFFREUR,23/08/18 15:38,Mathieu,20/09/18 11:25,olivier,Validée,0,0,,,,
176,Maçon vrd,Maçonne vrd,1,S>I/Priv>Pub,47B2,47B2,48B1,62A1,62A1,67A1,62A1,47B2,47B2,62A1,62A1,21B1,23B1,23A1,21B1,21B1,62A1,MACONVRD,MACONVRD,23/08/18 15:38,Mathieu,20/09/18 11:25,olivier,Attente de validation du valideur,0,0,,,,
177,Chauffeur d’engins BTP,Chauffeur d’engins BTP,1,S>I/Priv>Pub,47B2,47B2,48B1,62A2,62A2,62A2,62A2,47B2,47B2,62A2,62A2,21B7,23B1,23A1,21B7,21B7,62A2,CHAUFFEURDENGINSBTP,CHAUFFEURDENGINSBTP,30/08/18 17:00,florent,20/09/18 11:25,olivier,Validée,0,0,,,,
178,Chauffeur travaux publics,Chauffeur travaux publics,1,S>I/Priv>Pub,47B2,47B2,48B1,62A2,62A2,67A1,62A2,47B2,47B2,62A2,62A2,21B7,23B1,23A1,21B7,21B7,62A2,CHAUFFEURTRAVAUXPUBLICS,CHAUFFEURTRAVAUXPUBLICS,23/08/18 15:38,Mathieu,20/09/18 11:25,olivier,Validée,0,0,i,cad,.,79
179,Conducteur d’engins BTP,Conductrice d’engins BTP,1,S>I/Priv>Pub,47B2,47B2,48B1,62A2,62A2,67A1,62A2,47B2,47B2,62A2,62A2,21B7,23B1,23A1,21B7,21B7,62A2,CONDUCTEURDENGINSBTP,CONDUCTRICEDENGINSBTP,30/08/18 17:00,florent,20/09/18 11:25,olivier,Validée,0,0,,,,
180,Conducteur de pelle,Conductrice de pelle,1,S>I/Priv>Pub,47B2,47B2,48B1,62A2,62A2,67A1,62A2,47B2,47B2,62A2,62A2,21B7,23B1,23A1,21B7,21B7,62A2,CONDUCTEURPELLE,CONDUCTEURPELLE,23/08/18 15:38,Mathieu,20/09/18 11:25,olivier,Validée,0,0,i,oq,.,233
181,Abatteur de carrières,Abatteuse de carrières,1,S>I/Priv>Pub,47B2,47B2,48B1,67A1,62A3,67A1,67A1,47B2,47B2,67A1,67A1,21B7,23B1,23A1,21B7,21B7,67A1,ABATTEURCARRIERES,ABATTEUSECARRIERES,30/08/18 17:04,florent,20/09/18 11:25,olivier,Validée,0,0,i,tec,.,5
182,Abatteur de mines,Abatteuse de mines,1,S>I/Priv>Pub,47B2,47B2,48B1,67A1,62A3,67A1,67A1,47B2,47B2,67A1,67A1,21B7,23B1,23A1,21B7,21B7,67A1,ABATTEURMINES,ABATTEUSEMINES,30/08/18 17:04,florent,20/09/18 11:25,olivier,Validée,0,0,i,tec,.,6
183,Accrocheur en ardoisières,Accrocheuse en ardoisières,1,S>I/Priv>Pub,47B2,47B2,48B1,67A1,62A3,67A1,67A1,47B2,47B2,67A1,67A1,21B7,23B1,23A1,21B7,21B7,67A1,ACCROCHEURARDOISIERES,ACCROCHEUSEARDOISIERES,30/08/18 17:05,florent,20/09/18 11:25,olivier,Validée,0,0,,,,
184,Agent d’entretien autoroutier,Agente d’entretien autoroutier,1,US/Priv>Pub,47B2,47B2,48B1,0,62A3,67A1,0,47B2,47B2,?,0,0,0,0,0,0,i,AGENTDENTRETIENAUTOROUTIER,AGENTDENTRETIENAUTOROUTIER,23/08/18 15:38,Mathieu,20/09/18 12:05,olivier,Validée,0,0,,,,
185,Agent d’exploitation des routes,Agente d’exploitation des routes,1,US/Pub>Priv,47B2,47B2,48B1,0,62A3,67A1,0,47B2,47B2,?,0,0,0,0,0,0,i,AGENTDEXPLOITATIONROUTES,AGENTDEXPLOITATIONROUTES,23/08/18 15:38,Mathieu,20/09/18 12:05,olivier,Validée,0,0,,,,
186,Agent de signalisation de chantier,Agente de signalisation de chantier,1,US/Priv>Pub,47B2,47B2,48B1,0,62A3,67A1,0,47B2,47B2,?,0,0,0,0,0,0,i,AGENTSIGNALISATIONCHANTIER,AGENTSIGNALISATIONCHANTIER,23/08/18 15:38,Mathieu,20/09/18 12:05,olivier,Validée,0,0,,,,
187,Agent de voies (ferrées),Agente de voies (ferrées),1,US/Priv>Pub,47B2,47B2,48B1,0,62A3,67A1,0,47B2,47B2,?,0,0,0,0,0,0,i,AGENTVOIESFERREES,AGENTVOIESFERREES,23/08/18 15:38,Mathieu,20/09/18 12:05,olivier,Validée,0,0,,,,
188,Agent de voiries,Agente de voiries,1,US/Pub>Priv,47B2,47B2,48B1,0,62A3,67A1,0,47B2,47B2,?,0,0,0,0,0,0,i,AGENTVOIRIES,AGENTVOIRIES,23/08/18 15:38,Mathieu,20/09/18 12:05,olivier,Validée,0,0,,,,
189,Artificier de carrières, mines,Artificier de carrières, mines,1,S>I/Priv>Pub,47B2,47B2,48B1,62A3,62A3,67A1,62A3,47B2,47B2,62A3,62A3,21B7,23B1,23A1,21B7,21B7,62A3,ARTIFICIERCARRIERES,MINES,ARTIFICIERCARRIERES,MINES,30/08/18 17:05,florent,20/09/18 12:05,olivier,Validée,0,0,,,,
190,Artificier du BTP,Artificier du BTP,1,S>I/Priv>Pub,47B2,47B2,48B1,62A3,62A3,67A1,62A3,47B2,47B2,62A3,62A3,21B7,23B1,23A1,21B7,21B7,62A3,ARTIFICIERBTP,ARTIFICIERBTP,30/08/18 17:05,florent,20/09/18 12:05,olivier,Validée,0,0,,,,
191,Cantonnier,Cantonnier,1,S>I/Priv>Pub,47B2,47B2,48B1,67A1,62A3,67A1,67A1,47B2,47B2,67A1,67A1,21B7,23B1,23A1,21B7,21B7,67A1,CANTONNIER,CANTONNIER,23/08/18 15:38,Mathieu,20/09/18 12:05,olivier,Validée,0,0,catC,emp,6811,6279
192,Carrier,Carrier,1,S>I/Priv>Pub,47B2,47B2,48B1,67A1,62A3,67A1,67A1,47B2,47B2,67A1,67A1,21B7,23B1,23A1,21B7,21B7,67A1,CARRIER,CARRIER,23/08/18 15:38,Mathieu,20/09/18 12:05,olivier,Validée,0,0,catC,emp,20,94
193,Chef d’équipe BTP,Cheffe d’équipe BTP,1,Upriv,48B1,47B2,48B1,62A3,62A3,67A1,62A3,47B2,47B2,62A3,62A3,62A3,62A3,62A3,62A3,62A3,62A3,CHEFDEQUIPEBTP,CHEFDEQUIPEBTP,29/08/18 15:47,florent,20/09/18 12:05,olivier,Validée,0,0,,,,
194,Chef d’équipe du bâtiment,Cheffe d’équipe du bâtiment,1,Upriv,48B1,47B2,48B1,62A3,62A3,67A1,62A3,47B2,47B2,62A3,62A3,62A3,62A3,62A3,62A3,62A3,62A3,CHEFDEQUIPEBATIMENT,CHEFDEQUIPEBATIMENT,24/08/18 17:20,florent,24/09/18 10:59,olivier,Validée,0,0,,,,
195,Chef d’équipe génie civil,Cheffe d’équipe génie civil,1,Upriv,48B1,47B2,48B1,62A3,62A3,67A1,62A3,47B2,47B2,62A3,62A3,62A3,62A3,62A3,62A3,62A3,62A3,CHEFDEQUIPEGENIECIVIL,CHEFDEQUIPEGENIECIVIL,24/08/18 17:21,florent,24/09/18 10:59,olivier,Présence dans la liste non renseignée,0,0,,,,
196,Chef d’équipe travaux publics,Cheffe d’équipe travaux publics,1,Upriv,48B1,74b2,48B1,62A3,62A3,67A1,62A3,47B2,47B2,62A3,62A3,62A3,62A3,62A3,62A3,62A3,62A3,CHEFDEQUIPETRAVAUXPUBLICS,CHEFDEQUIPETRAVAUXPUBLICS,24/08/18 17:29,florent,24/09/18 10:59,olivier,Validée,0,0,i,emp,.,24
197,Cordiste du BTP,Cordiste du BTP,1,S>I/Priv>Pub,47B2,47B2,48B1,62A3,62A3,67A1,62A3,47B2,47B2,62A3,62A3,21B7,23B1,23A1,21B7,21B7,62A3,CORDISTEBTP,CORDISTEBTP,30/08/18 17:10,florent,24/09/18 10:59,olivier,Présence dans la liste non renseignée,0,0,i,emp,.,26
198,Echafaudeur,Echafaudeur,1,S>I/Priv>Pub,47B2,47B2,48B1,67A1,62A3,67A1,67A1,47B2,47B2,67A1,67A1,21B7,23B1,23A1,21B7,21B7,67A1,ECHAFAUDEUR,ECHAFAUDEUR,30/08/18 17:13,florent,24/09/18 10:59,olivier,Présence dans la liste non renseignée,0,0,i,emp,.,199
199,Égoutier,Égoutier,1,S>I/Priv>Pub,47B2,47B2,48B1,67A1,62A3,67A1,67A1,47B2,47B2,67A1,67A1,21B7,23B1,23A1,21B7,21B7,67A1,EGOUTIER,EGOUTIER,23/08/18 15:39,Mathieu,24/09/18 10:59,olivier,Présence dans la liste non renseignée,0,0,i,emp,.,55
200,Électricien installateur de lignes,Électricienne installateur de lignes,1,Upriv,47B2,47B2,48B1,62A3,62A3,67A1,62A3,47B2,47B2,62A3,62A3,62A3,62A3,62A3,62A3,62A3,62A3,ELECTRICIENINSTALLATEURLIGNES,ELECTRICIENNEINSTALLATEURLIGNES,31/08/18 09:25,florent,24/09/18 10:59,olivier,Présence dans la liste non renseignée,0,0,,,,
201,Extracteur de carrières,Extracteur de carrières,1,S>I/Priv>Pub,47B2,47B2,48B1,67A1,62A3,67A1,67A1,47B2,47B2,67A1,67A1,21B7,23B1,23A1,21B7,21B7,67A1,EXTRACTEURCARRIERES,EXTRACTEURCARRIERES,31/08/18 09:31,florent,24/09/18 10:59,olivier,Présence dans la liste non renseignée,0,0,,,,
202,Fonceur de puits,Fonceur de puits,1,S>I/Priv>Pub,47B2,47B2,48B1,67A1,62A3,67A1,67A1,47B2,47B2,67A1,67A1,21B7,23B1,23A1,21B7,21B7,67A1,FONCEURPUITS,FONCEURPUITS,31/08/18 09:33,florent,24/09/18 10:59,olivier,Présence dans la liste non renseignée,0,0,,,,
203,Fossoyeur,Fossoyeur,1,S>I/Priv>Pub,47B2,47B2,48B1,67A1,62A3,67A1,67A1,47B2,47B2,67A1,67A1,21B7,23B1,23A1,21B7,21B7,67A1,FOSSOYEUR,FOSSOYEUR,23/08/18 15:39,Mathieu,24/09/18 10:59,olivier,Présence dans la liste non renseignée,0,0,,,,
204,Homme grenouille,Homme grenouille,1,S>I/Priv>Pub,47B2,47B2,48B1,62A3,62A3,67A1,62A3,47B2,47B2,62A3,62A3,21B7,23B1,23A1,21B7,21B7,62A3,HOMMEGRENOUILLE,HOMMEGRENOUILLE,30/08/18 17:14,florent,24/09/18 11:24,olivier,Présence dans la liste non renseignée,0,0,,,,
205,Installateur de lignes électriques/téléphoniques/de télécommunications,Installatrice de lignes électriques/téléphoniques/de télécommunications,1,Upriv,47B2,47B2,48B1,62A3,62A3,67A1,62A3,47B2,47B2,67A1,62A3,62A3,62A3,62A3,62A3,62A3,62A3,INSTALLATEURLIGNESELECTRIQUESTELEPHONIQUESDETELECOMMUNICATIONS,INSTALLATRICELIGNESELECTRIQUESTELEPHONIQUESDETELECOMMUNICATIONS,31/08/18 09:42,florent,24/09/18 11:24,olivier,Doublon de libellé ou de signature,0,0,,,,
206,Installateur réseaux,Installatrice réseaux,1,Upriv,47B2,47B2,48B1,62A3,62A3,67A1,62A3,47B2,47B2,62A3,62A3,62A3,62A3,62A3,62A3,62A3,62A3,INSTALLATEURRESEAUX,INSTALLATRICERESEAUX,31/08/18 09:42,florent,24/09/18 11:24,olivier,Présence dans la liste non renseignée,0,0,,,,
207,Installateur télécom,Installatrice télécom,1,Upriv,47B2,47B2,48B1,62A3,62A3,67A1,62A3,47B2,47B2,67A1,62A3,62A3,62A3,62A3,62A3,62A3,62A3,INSTALLATEURTELECOM,INSTALLATRICETELECOM,31/08/18 09:42,florent,24/09/18 11:24,olivier,Validée,0,0,catC,emp,168,151
208,Machiniste extraction,Machiniste extraction,1,Upriv,47B2,47B2,48B1,62A3,62A3,67A1,62A3,47B2,47B2,62A3,62A3,62A3,62A3,62A3,62A3,62A3,62A3,MACHINISTEEXTRACTION,MACHINISTEEXTRACTION,31/08/18 09:37,florent,24/09/18 11:24,olivier,Validée,0,0,catC,emp,9,133
209,Mineur,Mineur,1,US/Pub>Priv,47B2,47B2,48B1,67A1,62A3,67A1,67A1,47B2,47B2,67A1,67A1,21B7,23B1,23A1,67A1,67A1,67A1,MINEUR,MINEUR,21/05/19 10:46,mathieu,24/09/18 11:24,olivier,Attente de validation du valideur,0,0,,,,
210,Monteur de grue,Monteuse de grue,1,S>I/Priv>Pub,47B2,47B2,48B1,62A3,62A3,67A1,62A3,47B2,47B2,62A3,62A3,21B7,23B1,23A1,21B7,21B7,62A3,MONTEURGRUE,MONTEUSEGRUE,21/05/19 10:46,mathieu,24/09/18 11:24,olivier,Attente de validation du valideur,0,0,,,,
211,Monteur réseaux,Monteuse réseaux,1,Upriv,47B2,47B2,48B1,62A3,62A3,67A1,62A3,47B2,47B2,62A3,62A3,21B7,23B1,23A1,62A3,62A3,62A3,MONTEURRESEAUX,MONTEUSERESEAUX,31/08/18 09:42,florent,24/09/18 11:24,olivier,Validée,0,0,i,emp,.,23
212,Opérateur ROV,Opératrice ROV,1,US/Priv>Pub,62A3,62A3,62A3,62A3,62A3,67A1,62A3,62A3,62A3,62A3,62A3,62A3,62A3,62A3,62A3,62A3,62A3,OPERATEURROV,OPERATRICEROV,31/08/18 13:43,florent,24/09/18 11:24,olivier,Présence d'erreur.s,0,0,catC,emp,76,684
213,Ouvrier autoroutier,Ouvrière autoroutière,1,US/Priv>Pub,62A3,62A3,62A3,62A3,62A3,67A1,62A3,62A3,62A3,62A3,62A3,62A3,62A3,62A3,62A3,62A3,62A3,OUVRIERAUTOROUTIER,OUVRIERAUTOROUTIER,23/08/18 15:39,Mathieu,24/09/18 11:24,olivier,Validée,0,0,catC,emp,5,167
214,Ouvrier de carrières,Ouvrière de carrières,1,US/Priv>Pub,62A3,62A3,62A3,62A3,62A3,67A1,62A3,62A3,62A3,62A3,62A3,62A3,62A3,62A3,62A3,62A3,62A3,OUVRIERCARRIERES,OUVRIERECARRIERES,31/08/18 13:41,florent,24/09/18 11:24,olivier,Présence d'erreur.s,0,0,i,emp,.,43
215,Ouvrier de chantier,Ouvrière de chantier,1,US/Priv>Pub,62A3,62A3,62A3,62A3,62A3,67A1,62A3,62A3,62A3,62A3,62A3,62A3,62A3,62A3,62A3,62A3,62A3,OUVRIERCHANTIER,OUVRIERECHANTIER,08/04/19 12:22,olivier,24/09/18 12:13,olivier,Présence d'erreur.s,0,0,,,,
216,Ouvrier de plate-forme de forage,Ouvrière de plate-forme de forage,1,US/Priv>Pub,62A3,62A3,62A3,62A3,62A3,67A1,62A3,62A3,62A3,62A3,62A3,62A3,62A3,62A3,62A3,62A3,62A3,OUVRIERPLATEFORMEFORAGE,OUVRIEREPLATEFORMEFORAGE,31/08/18 13:41,florent,24/09/18 12:15,olivier,Présence d'erreur.s,0,0,i,emp,.,7
217,Ouvrier des travaux publics,Ouvrière des travaux publics,1,US/Priv>Pub,62A3,62A3,62A3,67A1,62A3,67A1,67A1,62A3,62A3,67A1,67A1,67A1,67A1,67A1,67A1,67A1,67A1,OUVRIERTRAVAUXPUBLICS,OUVRIERETRAVAUXPUBLICS,31/08/18 13:42,florent,24/09/18 12:18,olivier,Validée,0,0,catC,i,35,.
218,Ouvrier du BTP,Ouvrière du BTP,1,US/Priv>Pub,62A3,62A3,62A3,67A1,62A3,67A1,67A1,62A3,62A3,67A1,67A1,67A1,67A1,67A1,67A1,67A1,67A1,OUVRIERBTP,OUVRIERBTP,23/08/18 15:39,Mathieu,24/09/18 12:18,olivier,Validée,0,0,,,,
219,Ouvrier VRD (voirie et réseaux divers),Ouvrière VRD (voirie et réseaux divers),1,US/Priv>Pub,62A3,62A3,62A3,cad,62A3,67A1,cad,62A3,62A3,?,catA,cad,cad,cad,cad,cad,i,OUVRIERVRDVOIRIEETRESEAUXDIVERS,OUVRIERVRDVOIRIEETRESEAUXDIVERS,23/08/18 15:39,Mathieu,25/09/18 11:07,olivier,Validée,0,0,catA,cad,20,181
220,Patrouilleur autoroutier,Patrouilleur autoroutier,1,US/Priv>Pub,62A3,62A3,62A3,cad,62A3,67A1,cad,62A3,62A3,?,i,cad,cad,cad,cad,cad,i,PATROUILLEURAUTOROUTIER,PATROUILLEURAUTOROUTIER,23/08/18 15:39,Mathieu,25/09/18 11:07,olivier,Validée,0,0,i,cad,.,12
221,Paveur,Paveuse,1,S>I/Priv>Pub,47B2,47B2,48B1,67A1,62A3,67A1,67A1,47B2,47B2,67A1,67A1,21B7,23B1,23A1,21B7,21B7,67A1,PAVEUR,PAVEUR,23/08/18 15:39,Mathieu,25/09/18 13:59,olivier,Validée,0,0,,,,
222,Poseur de lignes électriques/téléphoniques/de télécommunications,Poseuse de lignes électriques/téléphoniques/de télécommunications,1,Upriv,47B2,47B2,48B1,62A3,62A3,67A1,62A3,47B2,47B2,62A3,62A3,62A3,62A3,62A3,62A3,62A3,62A3,POSEURLIGNESELECTRIQUESTELEPHONIQUESDETELECOMMUNICATIONS,POSEUSELIGNESELECTRIQUESTELEPHONIQUESDETELECOMMUNICATIONS,31/08/18 09:42,florent,25/09/18 13:59,olivier,Validée,0,0,catA,cad,38,13
223,Poseur de voies,Poseuse de voies,1,Upriv,47B2,47B2,48B1,62A3,62A3,67A1,62A3,47B2,47B2,67A1,62A3,62A3,62A3,62A3,62A3,62A3,62A3,POSEURVOIES,POSEUSEVOIES,31/08/18 09:42,florent,25/09/18 14:08,olivier,Validée,0,0,catA,cad,12,21
224,Puisatier,Puisatière,1,S>I/Priv>Pub,47B2,47B2,48B1,67A1,62A3,67A1,67A1,47B2,47B2,67A1,67A1,21B7,23B1,23A1,21B7,21B7,67A1,PUISATIER,PUISATIERE,31/08/18 09:40,florent,25/09/18 14:08,olivier,Validée,0,0,,,,
225,Scaphandrier,Scaphandrier,1,S>I/Priv>Pub,47B2,47B2,48B1,62A3,62A3,67A1,62A3,47B2,47B2,62A3,62A3,21B7,23B1,23A1,21B7,21B7,62A3,SCAPHANDRIER,SCAPHANDRIER,23/08/18 15:39,Mathieu,25/09/18 15:11,olivier,Doublon de libellé ou de signature,0,0,i,cad,.,7
226,Sondeur  (sol / eau),Sondeuse  (sol / eau),1,S>I/Priv>Pub,47B2,47B2,48B1,62A3,62A3,67A1,62A3,47B2,47B2,62A3,62A3,21B7,23B1,23A1,21B7,21B7,62A3,SONDEURSOLEAU,SONDEUSESOLEAU,31/08/18 09:40,florent,25/09/18 15:11,olivier,Doublon de libellé ou de signature,0,0,,,,
227,Technicien fibre optique,Technicienne fibre optique,1,US/Priv>Pub,47B2,47B2,48B1,47B2,62A3,67A1,47B2,47B2,47B2,47B2,47B2,47B2,47B2,47B2,47B2,47B2,47B2,TECHNICIENFIBREOPTIQUE,TECHNICIENFIBREOPTIQUE,23/08/18 15:39,Mathieu,26/09/18 14:03,olivier,Validée,0,0,,,,
228,Briqueteur,Briqueteur,1,S>I/Priv>Pub,47B2,47B2,48B1,62A1,63B1,68A1,62A1,47B2,47B2,62A1,62A1,21B1,23B1,23A1,21B1,21B1,62A1,BRIQUETEUR,BRIQUETEUR,24/08/18 17:01,florent,26/09/18 14:03,olivier,Doublon de libellé ou de signature,0,0,,,,
229,Chef d’équipe maçon,Cheffe d’équipe maçon,1,Upriv,48B1,47B2,48B1,63B1,63B1,68A1,63B1,47B2,47B2,63B1,63B1,63B1,63B1,63B1,63B1,63B1,63B1,CHEFDEQUIPEMACON,CHEFDEQUIPEMACON,24/08/18 15:58,florent,26/09/18 14:04,olivier,Validée,0,0,,,,
230,Ouvrier maçon,Ouvrière maçon,1,US/Priv>Pub,63B1,63B1,63B1,68A1,63B1,68A1,68A1,63B1,63B1,68A1,68A1,68A1,68A1,68A1,68A1,68A1,68A1,OUVRIERMACON,OUVRIERMACON,23/08/18 15:39,Mathieu,26/09/18 14:04,olivier,Doublon de libellé ou de signature,0,0,,,,
231,Chef d’équipe charpentier,Cheffe d’équipe charpentier,1,Upriv,48B1,47B2,48B1,63B2,63B2,68A1,63B2,47B2,47B2,63B2,63B2,63B2,63B2,63B2,63B2,63B2,63B2,CHEFDEQUIPECHARPENTIER,CHEFDEQUIPECHARPENTIER,24/08/18 17:18,florent,26/09/18 14:04,olivier,Doublon de libellé ou de signature,0,0,,,,
232,Chef d’équipe couvreur,Cheffe d’équipe couvreur,1,Upriv,48B1,47B2,48B1,63B2,63B2,68A1,63B2,47B2,47B2,63B2,63B2,63B2,63B2,63B2,63B2,63B2,63B2,CHEFDEQUIPECOUVREUR,CHEFDEQUIPECOUVREUR,24/08/18 17:20,florent,26/09/18 14:07,olivier,Validée,0,0,catA,i,14,.
233,agenceur de salles de bain,agenceuse de salles de bain,1,I>S/Priv>Pub,47B2,47B2,48B1,63B3,63B3,68A2,63B3,47B2,47B2,63B3,63B3,21B3,23B1,23A1,21B3,21B3,21B3,AGENCEURSALLESBAIN,AGENCEUSESALLESBAIN,29/08/18 17:23,florent,26/09/18 14:07,olivier,Doublon de libellé ou de signature,0,0,,,,
234,Chef d’équipe menuisier,Cheffe d’équipe menuisier,1,Upriv,48B1,47B2,48B1,63B3,63B3,68A2,63B3,47B2,47B2,63B3,63B3,63B3,63B3,63B3,63B3,63B3,63B3,CHEFDEQUIPEMENUISIER,CHEFDEQUIPEMENUISIER,24/08/18 17:22,florent,26/09/18 14:07,olivier,Attente de validation du valideur,0,0,,,,
235,monteur de faux plafonds,monteuse de faux plafonds,1,S>I/Priv>Pub,47B2,47B2,48B1,0,63B3,68A2,0,47B2,47B2,?,0,21B3,23B1,23A1,21B3,21B3,i,MONTEURFAUXPLAFONDS,MONTEURFAUXPLAFONDS,23/08/18 15:39,Mathieu,26/09/18 14:07,olivier,Attente de validation du valideur,0,0,,,,
236,Chef d’équipe chauffagiste,Cheffe d’équipe chauffagiste,1,Upriv,48B1,47B2,48B1,63B4,63B4,68A2,63B4,47B2,47B2,63B4,63B4,63B4,63B4,63B4,63B4,63B4,63B4,CHEFDEQUIPECHAUFFAGISTE,CHEFDEQUIPECHAUFFAGISTE,24/08/18 17:20,florent,26/09/18 14:36,olivier,Validée,0,0,catC,emp,29,20
237,Chef d’équipe plombier,Cheffe d’équipe plombier,1,Upriv,48B1,47B2,48B1,63B4,63B4,68A2,63B4,47B2,47B2,63B4,63B4,63B4,63B4,63B4,63B4,63B4,63B4,CHEFDEQUIPEPLOMBIER,CHEFDEQUIPEPLOMBIER,24/08/18 17:27,florent,26/09/18 14:36,olivier,Validée,0,0,,,,
238,Chef d’équipe peintre,Cheffe d’équipe peintre,1,Upriv,48B1,47B2,48B1,63B6,63B6,68A2,63B6,47B2,47B2,63B6,63B6,63B6,63B6,63B6,63B6,63B6,63B6,CHEFDEQUIPEPEINTRE,CHEFDEQUIPEPEINTRE,24/08/18 17:24,florent,26/09/18 14:39,olivier,Validée,0,0,catC,i,5,.
239,Chef d’équipe électricien,Cheffe d’équipe électricien,1,Upriv,48B1,47B2,48B1,63B5,63B5,68A2,63B5,47B2,47B2,63B5,63B5,63B5,63B5,63B5,63B5,63B5,63B5,CHEFDEQUIPEELECTRICIEN,CHEFDEQUIPEELECTRICIEN,24/08/18 17:21,florent,26/09/18 14:39,olivier,Validée,0,0,,,,
240,Manœuvre,Manœuvre,0,US/Priv>Pub,67A1,67A1,67A1,67A1,67A1,67A1,67A1,67A1,67A1,67A1,67A1,67A1,67A1,67A1,67A1,67A1,67A1,MANOEUVRE,MANOEUVRE,23/08/18 15:39,Mathieu,26/09/18 14:39,olivier,Validée,0,0,catA,i,27,.
241,Manœuvre des travaux publics,Manœuvre des travaux publics,1,US/Priv>Pub,67A1,67A1,67A1,67A1,67A1,67A1,67A1,67A1,67A1,67A1,67A1,67A1,67A1,67A1,67A1,67A1,67A1,MANOEUVRETRAVAUXPUBLICS,MANOEUVRETRAVAUXPUBLICS,23/08/18 15:39,Mathieu,26/09/18 14:39,olivier,Validée,0,0,catA,cad,66,62
242,Manœuvre du bâtiment ,Manœuvre du bâtiment ,1,US/Priv>Pub,67A1,67A1,67A1,67A1,67A1,67A1,67A1,67A1,67A1,67A1,67A1,67A1,67A1,67A1,67A1,67A1,67A1,MANOEUVREBATIMENT,MANOEUVREBATIMENT,23/08/18 15:39,Mathieu,26/09/18 14:39,olivier,Doublon de libellé ou de signature,0,0,i,emp,.,12
243,Manœuvre du btp ,Manœuvre du btp ,1,US/Priv>Pub,67A1,67A1,67A1,67A1,67A1,67A1,67A1,67A1,67A1,67A1,67A1,67A1,67A1,67A1,67A1,67A1,67A1,MANOEUVREBTP,MANOEUVREBTP,23/08/18 15:39,Mathieu,26/09/18 14:39,olivier,Doublon de libellé ou de signature,0,0,,,,
244,Aide maçon,Aide maçon,1,US/Priv>Pub,68A1,68A1,68A1,68A1,68A1,68A1,68A1,68A1,68A1,68A1,68A1,68A1,68A1,68A1,68A1,68A1,68A1,AIDEMACON,AIDEMACON,23/08/18 15:39,Mathieu,26/09/18 14:39,olivier,Validée,0,0,catB,emp,968,387
245,Apprenti charpentier,Apprentie charpentier,1,US/Priv>Pub,68A1,68A1,68A1,68A1,68A1,68A1,68A1,68A1,68A1,68A1,68A1,68A1,68A1,68A1,68A1,68A1,68A1,APPRENTICHARPENTIER,APPRENTICHARPENTIER,23/08/18 15:39,Mathieu,26/09/18 16:39,olivier,Validée,0,0,catB,emp,262,144
246,Apprenti couvreur,Apprentie couvreur,1,US/Priv>Pub,68A1,68A1,68A1,68A1,68A1,68A1,68A1,68A1,68A1,68A1,68A1,68A1,68A1,68A1,68A1,68A1,68A1,APPRENTICOUVREUR,APPRENTICOUVREUR,23/08/18 15:39,Mathieu,26/09/18 16:39,olivier,Validée,0,0,catB,emp,35,139
247,Apprenti maçon,Apprentie maçon,1,US/Priv>Pub,68A1,68A1,68A1,68A1,68A1,68A1,68A1,68A1,68A1,68A1,68A1,68A1,68A1,68A1,68A1,68A1,68A1,APPRENTIMACON,APPRENTIMACON,23/08/18 15:39,Mathieu,26/09/18 16:39,olivier,Validée,0,0,i,emp,.,27
248,Apprenti chauffagiste,Apprentie chauffagiste,1,US/Priv>Pub,68A2,68A2,68A2,68A2,68A2,68A2,68A2,68A2,68A2,68A2,68A2,68A2,68A2,68A2,68A2,68A2,68A2,APPRENTICHAUFFAGISTE,APPRENTICHAUFFAGISTE,23/08/18 15:39,Mathieu,26/09/18 16:39,olivier,Présence d'erreur.s,0,0,catC,emp,8,37
249,Apprenti électricien,Apprentie électricien,1,US/Priv>Pub,68A2,68A2,68A2,68A2,68A2,68A2,68A2,68A2,68A2,68A2,68A2,68A2,68A2,68A2,68A2,68A2,68A2,APPRENTIELECTRICIEN,APPRENTIELECTRICIEN,23/08/18 15:39,Mathieu,26/09/18 16:39,olivier,Doublon de libellé ou de signature,0,0,,,,
250,Apprenti menuisier,Apprentie menuisier,1,US/Priv>Pub,68A2,68A2,68A2,68A2,68A2,68A2,68A2,68A2,68A2,68A2,68A2,68A2,68A2,68A2,68A2,68A2,68A2,APPRENTIMENUISIER,APPRENTIMENUISIER,23/08/18 15:39,Mathieu,28/09/18 10:26,olivier,Validée,0,0,,,,
251,Apprenti peintre,Apprentie peintre,1,US/Priv>Pub,68A2,68A2,68A2,68A2,68A2,68A2,68A2,68A2,68A2,68A2,68A2,68A2,68A2,68A2,68A2,68A2,68A2,APPRENTIPEINTRE,APPRENTIPEINTRE,23/08/18 15:39,Mathieu,28/09/18 10:26,olivier,Validée,0,0,catC,am,9,19
252,Apprenti plombier,Apprentie plombier,1,US/Priv>Pub,68A2,68A2,68A2,68A2,68A2,68A2,68A2,68A2,68A2,68A2,68A2,68A2,68A2,68A2,68A2,68A2,68A2,APPRENTIPLOMBIER,APPRENTIPLOMBIER,23/08/18 15:39,Mathieu,28/09/18 10:26,olivier,Validée,0,0,,,,
253,Géomètre expert,Géomètre expert,1,I>S/Priv>Pub,38C2,38C2,38C2,38C2,38C2,38C2,38C2,?,?,?,?,31B7,31B7,31B7,31B7,31B7,31B7,GEOMETREEXPERT,GEOMETREEXPERT,08/04/19 16:02,olivier,28/09/18 10:26,olivier,Validée,0,0,,,,
254,Gérant d’une entreprise de maçonnerie,Gérante d’une entreprise de maçonnerie,1,UI,21B1,21B1,21B1,21B1,21B1,21B1,21B1,21B1,21B1,21B1,21B1,21B1,23B1,23A1,21B1,21B1,21B1,GERANTDUNEENTREPRISEMACONNERIE,GERANTEDUNEENTREPRISEMACONNERIE,24/08/18 17:07,florent,28/09/18 10:26,florent,Présence d'erreur.s,0,0,,,,
255,Chef de projet du BTP (Architecte),Cheffe de projet du BTP (Architecte),1,I>S/Priv>Pub,38C2,38C2,38C2,38C2,38C2,38C2,38C2,?,?,?,?,31B6,31B6,31B6,31B6,31B6,31B6,CHEFPROJETBTPARCHITECTE,CHEFFEPROJETBTPARCHITECTE,31/08/18 13:21,florent,28/09/18 10:46,florent,Validée,0,0,,,,
